SKU,End Customer,Region,Group(MPN),Business Unit,Family,Types,Type,Variable,07/01/2018,07/08/2018,07/15/2018,07/22/2018,07/29/2018,08/05/2018,08/12/2018,08/19/2018,08/26/2018,09/02/2018,09/09/2018,09/16/2018,09/23/2018,09/30/2018,10/07/2018,10/14/2018,10/21/2018,10/28/2018,11/04/2018,11/11/2018,11/18/2018,11/25/2018,12/02/2018,12/09/2018,12/16/2018,12/23/2018,12/30/2018,01/06/2019,01/13/2019,01/20/2019,01/27/2019,02/03/2019,02/10/2019,02/17/2019,02/24/2019,03/03/2019,03/10/2019,03/17/2019,03/24/2019,03/31/2019,04/07/2019,04/14/2019,04/21/2019,04/28/2019,05/05/2019,05/12/2019,05/19/2019,05/26/2019,06/02/2019,06/09/2019,06/16/2019,06/23/2019,06/30/2019,07/07/2019,07/14/2019,07/21/2019,07/28/2019,08/04/2019,08/11/2019,08/18/2019,08/25/2019,09/01/2019,09/08/2019,09/15/2019,09/22/2019,09/29/2019,10/06/2019,10/13/2019,10/20/2019,10/27/2019,11/03/2019,11/10/2019,11/17/2019,11/24/2019,12/01/2019,12/08/2019,12/15/2019,12/22/2019,12/29/2019,01/05/2020,01/12/2020,01/19/2020,01/26/2020,02/02/2020,02/09/2020,02/16/2020,02/23/2020,03/01/2020,03/08/2020,03/15/2020,03/22/2020,03/29/2020,04/05/2020,04/12/2020,04/19/2020,04/26/2020,05/03/2020,05/10/2020,05/17/2020,05/24/2020,05/31/2020,06/07/2020,06/14/2020,06/21/2020,06/28/2020,07/05/2020,07/12/2020,07/19/2020,07/26/2020,08/02/2020,08/09/2020,08/16/2020,08/23/2020,08/30/2020
900-2G183-0000-000,,,T4,CU,U104,BD,Raw Demand,Demand,,,,,,,4,4,4,42,59,77,81,16,374,384,475,490,164,218,246,246,345,314,191,364,340,391,635,435,382,384,349,480,484,438,337,274,251,315,330,268,354,605,442,460,366,152,443,289,555,681,709,710,440,257,313,340,812,825,779,821,549,485,916,986,2633,2588,2201,490,2186,1877,2535,2852,1278,1228,787,997,955,1132,1031,1281,2217,2592,3053,2628,3166,1888,3142,3883,3697,3420,3167,2349,2253,2166,585,619,425,739,1054,761,762,404,659,1092,1150,1199,882,737,698,977,708,617
900-2G183-0000-000,,,T4,CU,U104,BD,Raw Forecast,BUF,,,,,,,,,,,,10.8,21.6,32.4,43.2,42.4,112.35,182.3,252.25,282.5,265,247.5,243.5,597.85,929.2,1260.55,1578.4,1578.4,1344.8,1125.2,905.6,686,646.5,644.25,642,639.75,695.45,1138.9,1582.35,2025.8,2464.8,2241.1,1807.65,1374.2,940.75,959.75,1167.75,1375.75,1583.75,1361.05,1175.3,989.55,803.8,820,660.75,514.25,367.75,221.25,498.75,1068,1637.25,2206.5,1981.85,1783.7,1585.55,1387.4,1718.4,1406.8,2283.2,3159.6,4036,5211.75,5001.5,4791.25,3814.5,2753.35,1890.2,1027.05,930.4,930.4,1330.55,1730.7,2130.85,2531,2746.75,2962.5,3178.25,3394,3517.1,3640.2,3763.3,3886.4,3886.4,3358.8,2831.2,2303.6,1776,2118.5,2461,2803.5,3146,2764.9,2383.8,2002.7,1621.6,1621.6,3925.45,6229.3,8533.15,10837,8731,6625,4519,2413
900-2G183-0000-000,,,T4,CU,U104,BD,Raw Forecast,JFF,,,,,,,,,,,,1219.2,2438.4,3657.6,4876.8,4167.6,3029.15,1890.7,752.25,282.5,270,257.5,253.5,3157.85,6034.2,8910.55,11778.4,11778.4,11232.3,8462.7,5693.1,2923.5,896.5,894.25,892,889.75,5324.05,7386.9,9449.75,11512.6,8942.4,7099.3,5046.45,2993.6,940.75,1888.5,2096.25,2304,2511.75,2300.7,2315.4,2330.1,2344.8,1620.8,1261.35,914.65,567.95,221.25,498.75,1063.75,1628.75,2193.75,3178.9,2980.8,2782.7,2584.6,1701.6,3394.2,4274.8,5155.4,6035.999,5211.749,5001.499,4791.249,3754.249,3501.3,3446.35,3391.4,4163.2,4163.2,3692.65,3222.1,2751.549,2280.999,2383.999,2487,2590,2693,2725.55,2758.1,2790.649,2823.199,2823.199,2248.399,1673.599,1098.799,523.999,477.499,430.999,384.499,337.999,1894.899,3451.8,5008.7,6565.6,6565.6,4983.7,3401.8,1819.9,238,4237.75,8237.5,12237.25,16237
900-2G183-0000-000,,,T4,CU,U104,BD,Raw Forecast,SalesOpps,,,,,,,,,,,,,,,,,,,,,,,,,,,,,,,,,,,,,,,,,,,,,,,,,,,,,,,,,,,450,579,969,4443,770,678,624,747,2213,2342,2318,2208,2462,2609,2449,2445,1061,1222,748,779,714,759,1078,689,2181,2042,2687,3079,3084,3075,3424,3770,3270,3339,2795,2076,1800,1889,528,491,616,706,706,451,398,150,50,99,663,1025,1237,1140,1338,1588,1183,1153
900-2G183-0000-000,,,T4,CU,U104,BD,Raw Forecast,RollingDemand,,,,,,,,,,,4,4,48,65,69,167,241,447,93,123,60,186,245,203,161,138,74,82,332,178,325,290,105,121,103,355,207,175,117,157,132,133,86,166,50,179,289,51,235,295,313,403,382,410,332,145,46,123,197,249,598,4022,288,273,307,532,2213,2250,2051,1822,1945,2184,2199,2314,1061,1222,748,779,714,759,1078,689,2181,2042,2687,3079,3084,3075,3424,3770,3270,3339,2795,2076,1800,1889,528,491,616,706,706,451,398,150,50,99,586,638,533,243,384,810,588,617
900-2G183-0000-000,,,T4,CU,U104,BD,Raw Forecast,ChannelInv,,,,,,,,,,,,,,,,,12,12,12,31,49,0,0,0,0,267,248,267,720,791,757,736,668,1220,999,941,866,873,607,460,317,350,0,0,0,0,0,0,0,0,0,0,0,0,0,0,5486,14656,12583,16397,20369,22469,23543,21677,21507,21194,19481,15972,16358,15417,14436,14680,8239,8863,9413,9862,10655,8820,6589,5985,3083,0,0,0,0,0,568,5135,8240,11016,8442,9729,10856,7997,9742,16213,24827,27843,33489,39942,49144,57571,63321,70938,78298,86603,91108,99153,110002,120280,130546,149692,168859,187496
900-2G183-0000-001,,,T4,CU,U104,BD,Raw Demand,Demand,,,,,,,,,,22,22,22,22,,14995,15139,15413,15569,470,496,542,402,557,569,551,597,491,523,311,261,242,1140,2363,4155,4533,10338,12262,17449,12795,11411,34300,33788,32941,35912,9975,12709,14347,11818,13624,15259,13308,11201,10503,10270,4402,12912,19465,20567,22035,20518,11878,8913,15686,11763,19832,21509,27220,29731,45771,47431,44412,40638,53335,64333,61549,54480,56929,42770,50895,54906,43258,52404,41448,32535,56261,46474,43092,35638,42526,53266,46143,34977,21501,11069,32028,33837,31387,35288,14282,10718,6782,6214,17164,18688,20651,30661,19668,18331,21407,12142,19400,44002,48429,44940
900-2G183-0000-001,,,T4,CU,U104,BD,Raw Forecast,BUF,,,,,,,,,,,,4.4,8.8,13.2,17.6,13.2,48.3,83.4,118.5,118.5,168.5,218.5,284,371.2,368.9,366.6,348.8,348.8,304.1,659.4,1014.7,1370,1399,1553.25,1707.5,1861.75,3654.25,5980.833,8307.417,10634,11693.333,9185.833,7370,5554.167,3738.333,8217.5,10020.25,11823,13625.75,10798.75,11825.5,12852.25,13879,15748,14406,13080,11754,10428,10628,10963.5,11299,11634.5,10353.7,11553,12752.3,13951.6,16583.2,14246.4,16978.6,19710.8,22442.999,24746.25,27467.25,30188.25,36180,38080.15,34493.55,30906.95,24049.6,24049.6,30135.45,36221.3,42307.15,48393,52308,56222.999,60137.998,64052.998,56348.748,48644.499,40940.25,33236,33236,33822.75,34409.499,34996.248,35582.998,30163.498,24743.998,19324.497,13904.997,19062.348,24219.699,29377.049,34534.4,34534.4,28917.55,23300.7,17683.85,12067,13631.75,15196.499,16761.249,18325.999
900-2G183-0000-001,,,T4,CU,U104,BD,Raw Forecast,JFF,,,,,,,,,,,,4.4,8.8,13.2,17.6,13.2,48.3,83.4,118.5,118.5,137.5,156.5,222,309.2,337.9,366.6,348.8,348.8,304.1,659.4,1014.7,1370,1399,1553.25,1707.5,1861.75,3654.25,5980.7,8307.15,10633.6,11692.8,9185.6,7369.9,5554.2,3738.5,8217.5,10020.25,11823,13625.75,10798.75,11825.9,12853.05,13880.2,15749.6,14407.2,13080.8,11754.4,10428,10628,10953.5,11278.999,11604.498,10292.098,10501.999,10711.899,10921.8,12585.6,11748.2,15494.8,19241.4,22987.999,24791.25,22358,19924.75,25707.75,26591.5,27127.75,27664,19984,19984,23379.75,26775.5,30171.25,33567,39453.5,45340,51226.5,57113,54529.55,51946.1,49362.65,46779.2,46779.2,42353.9,37928.6,33503.3,29078,24141,19204,14267,9330,14752.9,20175.8,25598.7,31021.6,31021.6,25938.95,20856.299,15773.649,10690.999,10788.249,10885.499,10982.749,11079.999
900-2G183-0000-001,,,T4,CU,U104,BD,Raw Forecast,SalesOpps,,,,,,,,,,,,,,,,,,,,,,,,,,,,,,,,,,,,,,,,,,,,,,,,,,,,,,,,,,,27513,24562,15942,14719,18857,15941,15674,25118,26618,31033,28922,40134,37431,48109,44743,55230,58651,62639,60917,53786,51991,53796,44268,60117,54031,49673,69258,70062,70691,69314,70999,78915,72551,64511,47267,33956,51542,51084,37882,42973,24119,20820,14986,19724,24342,30187,30517,35519,30266,29308,30873,26091,27689,29663,38385,67628
900-2G183-0000-001,,,T4,CU,U104,BD,Raw Forecast,RollingDemand,,,,,,,,,,,,,22,22,32,32,101,15253,437,474,390,386,336,228,318,485,386,269,268,207,218,1051,1062,1110,3080,6155,6544,18763,17215,10866,10263,9763,22053,18078,929,2674,17497,4573,8889,7354,4677,5426,5702,7586,1857,1555,1072,741,17503,14973,6813,6159,11575,10629,11018,21560,24320,26710,23418,32975,27815,38518,34093,42921,46701,51045,51099,46911,47088,51357,39308,52233,41986,33161,52291,52894,53558,52348,53334,60129,52883,42340,23194,13595,34931,39410,31765,36796,18044,14480,7770,11283,13777,17842,18489,26161,19163,17760,16712,6788,7865,8523,16227,44940
900-2G183-0000-001,,,T4,CU,U104,BD,Raw Forecast,ChannelInv,,,,,,,,,,,,,,,,,,,,,,,,,,,,,,,,,,,,,,,,,,,,,,,,,,,,,,,,,,,,,,,,,,,,,,,,,,,,,,,,,,,,,,,,,,,,,,,,,,,,,,,,,,,,,,,,,,
900-2G500-0040-000,,,V100-PCIE,CU,V100,BD,Raw Demand,Demand,,,,,,,,,,,,,,,,,,,,,,,,,,,,,,,,,,,,,,,,,,,,,,,,,,,,,,,,,,,,,,,24,40,40,40,130,118,118,128,30,120,195,207,234,190,190,355,406,395,360,335,717,887,2747,2752,2555,3056,2979,2886,2870,2558,4667,5838,6602,6138,9058,6063,6634,6784,4078,5914,4409,2930,2580,1701,1303,1294,1291,280,8446,8437,8664,8750
900-2G500-0040-000,,,V100-PCIE,CU,V100,BD,Raw Forecast,BUF,,,,,,,,,,,,,,,,,,,,,,,,,,,,,,,,,,,,,,,,,,,,,,,,,,,,,,,,,,,,,,,,4.8,9.6,14.4,19.2,14.4,41.6,68.8,96,97.25,70.25,43.25,30.75,78.7,122.9,167.1,196.8,196.8,550.6,904.4,1258.2,1612,2014,2416,2818,3220,3248.2,3276.4,3304.599,3332.799,3332.799,3604.099,3875.399,4146.698,4417.998,5321.748,6225.498,7129.249,8032.999,7024.749,6016.499,5008.249,3999.998,3999.998,3150.999,2301.999,1452.999,603.999,778.999,953.999,1128.999,1303.999
900-2G500-0040-000,,,V100-PCIE,CU,V100,BD,Raw Forecast,JFF,,,,,,,,,,,,,,,,,,,,,,,,,,,,,,,,,,,,,,,,,,,,,,,,,,,,,,,,,,,,,,,,4.8,9.6,14.4,19.2,264.4,291.6,318.8,346,97.25,70.25,43.25,23.75,128.5,229.5,330.5,424,424,449.25,474.5,499.75,525,1122.75,1720.5,2318.25,2916,3087.6,3259.2,3430.799,3602.399,3602.399,3500.799,3399.2,3297.6,3196,4133.5,5071,6008.5,6946,6046.5,5147,4247.5,3348,3348,2656,1964,1272,580,881,1182,1483,1784
900-2G500-0040-000,,,V100-PCIE,CU,V100,BD,Raw Forecast,SalesOpps,,,,,,,,,,,,,,,,,,,,,,,,,,,,,,,,,,,,,,,,,,,,,,,,,,,,,,,,,,,,,,,,,24,64,64,58,130,130,140,128,128,128,170,112,92,273,275,322,382,221,490,625,1237,1413,1716,3126,3035,4852,6220,6476,5104,5750,6747,6941,3736,3739,8734,8826,7903,7907,6381,5335,4519,3463,3107,2993,2376,1612,1504,1590,1846,9950
900-2G500-0040-000,,,V100-PCIE,CU,V100,BD,Raw Forecast,RollingDemand,,,,,,,,,,,,,,,,,,,,,,,,,,,,,,,,,,,,,,,,,,,,,,,,,,,,,,,,,,,,,,,,,24,64,64,58,130,130,140,128,128,128,170,112,92,273,275,322,334,121,390,525,1149,1349,1572,2929,2874,4469,5745,5796,4424,5245,6327,6684,3375,3337,8228,8207,7174,7050,5501,4097,3245,2425,2046,2258,1619,579,408,434,662,8750
900-2G500-0040-000,,,V100-PCIE,CU,V100,BD,Raw Forecast,ChannelInv,0,0,0,0,0,0,0,0,0,0,0,0,0,0,0,0,0,0,0,0,0,0,0,0,0,0,0,0,0,0,0,0,0,0,0,0,0,0,0,0,0,0,0,160,282,468,539,0,0,1024,919,1040,445,1079,1433,1478,1325,1622,1566,1592,1713,1248,1331,1513,1597,2067,2184,2103,2107,1531,1830,1121,0,0,0,0,0,0,0,0,0,0,0,0,0,0,0,0,0,0,0,0,0,0,0,0,0,0,0,0,0,0,0,0,0,0,0,0,0,0,0,0,0,0
900-2G503-0010-000,,,V100-SXM2,CU,V100,BD,Raw Demand,Demand,5023,9524,6890,6316,5431,805,975,855,1836,2085,1943,2177,3531,8275,20250,20378,17924,13215,1365,986,4161,2552,9023,8851,7504,7268,2573,11821,11979,11833,9656,1935,1729,3398,3338,3243,3592,4397,3047,2252,11362,10423,10367,12670,3924,6080,7946,5913,4352,3519,4602,4492,5399,8303,8080,8438,8809,7491,3861,7001,8651,11628,11291,9514,11489,15539,21874,25070,23620,26722,20617,22848,23532,22840,22521,21821,17227,19228,20450,16672,20254,23927,23630,19700,18906,20069,17244,18183,21067,13889,12856,7680,14471,16027,17238,16378,5480,11506,5780,9843,10031,6111,7336,4123,2983,8771,7573,8578,8623,2379,5433,5064,5317,4113
900-2G503-0010-000,,,V100-SXM2,CU,V100,BD,Raw Forecast,BUF,5035.6,6414.4,5033.8,3946.7,2859.6,1772.5,1786.5,1404.5,1022.5,640.5,991.9,4273,7554.1,10835.2,13662.4,10383.55,7205.95,4028.35,850.75,1082.5,1333,1583.5,2343.5,3196.4,3929.3,4662.2,4885.6,4885.6,3877.95,4268.3,4658.65,5049,5190.75,5112.5,5034.25,4956,5441.7,4706,3970.3,3234.6,3191.2,2595.65,2084.85,1574.05,1063.25,1321.5,1710,2098.5,2487,2960.5,3589,4217.5,4846,5216,4126.5,4192.75,4259,4325.25,4825,6412.25,7999.5,9586.75,9844.3,10423.4,11002.5,11581.6,14146.4,12145.05,14116.7,16088.35,18060,18147.75,16634.5,15121.25,12760.75,16630.55,18128.35,19626.15,21971.2,21971.2,21767.65,21564.1,21360.55,21157,22217.5,23278,24338.5,25399,21778.45,18157.9,14537.35,10916.8,10916.8,10795.1,10673.4,10551.7,10430,10532.5,10635,10737.5,10840,9793.8,8747.599,7701.399,6655.198,6655.198,6399.148,6143.097,5887.047,5630.996,4740.746,3850.497,2960.248,2069.998
900-2G503-0010-000,,,V100-SXM2,CU,V100,BD,Raw Forecast,JFF,7009.6,8372.8,6977.6,5400.9,3824.2,2247.5,1786.5,2904.5,4022.5,5140.5,7491.9,9533.4,11574.9,13616.4,14704,11689.75,8251.75,4813.75,1375.75,1082.5,1333,1583.5,2361.5,3374.4,4267.3,5160.2,5525.6,5525.6,5882.95,6113.05,6343.15,6573.25,5590,5512,5434,5356,5634.9,5189.2,4743.5,4297.8,4351.2,3465.9,2665.1,1864.3,1063.5,1696.5,2085,2473.5,2862,3692.5,5304,6915.5,8527,9148,7670.75,6754.25,5837.75,4921.25,6076,7636.25,9196.5,10756.75,10610.65,10223.9,9837.15,9450.4,10176,9678.5,12555.25,15432,18308.75,17635.25,16236,14836.75,14225.75,15525.35,14176.449,12827.549,10690.399,10690.399,12578.549,14466.699,16354.849,18242.999,19346.499,20449.999,21553.5,22657,20330.95,18004.9,15678.85,13352.8,13352.8,12035.35,10717.9,9400.449,8082.999,8319.249,8555.5,8791.75,9028,8046.8,7065.6,6084.399,5103.199,5103.199,4994.899,4886.6,4778.3,4670,4765.5,4861,4956.499,5051.999
900-2G503-0010-000,,,V100-SXM2,CU,V100,BD,Raw Forecast,SalesOpps,,,,,,,,,,,,,,,,,,,,,,,,,,,,,,,,,,,,,,,,,,,,,,,,,,,,,,,,,,,6415,9118,10459,14829,14410,13296,13022,21516,23075,23289,24486,27562,22223,21376,23295,27108,27239,26641,27038,27704,28236,20912,19201,24754,25788,26530,27362,25820,24690,27154,25671,22905,21614,13850,10760,18196,20970,19398,10068,7548,13613,13879,14540,9317,12201,10124,8624,6035,4596,7784,10893,6001,5026,5210,8310,7577
900-2G503-0010-000,,,V100-SXM2,CU,V100,BD,Raw Forecast,RollingDemand,3419,3712,3473,5690,4720,148,752,721,266,272,1736,2116,672,8231,12392,12684,17353,12510,807,706,650,2307,6735,6649,6242,7365,1504,1059,1741,3506,10600,1554,1488,1710,1648,494,1680,1813,2673,1590,1117,559,1630,1668,260,280,13472,1833,3562,2004,308,600,3913,3257,1078,3465,6876,3216,558,3379,4797,8664,8280,7118,5903,14700,17812,18253,20612,24186,17605,16653,18617,22326,22714,22108,22067,21989,22538,15474,13702,19448,19949,20386,20953,19825,18786,21508,21730,19987,19973,13083,10134,17014,18547,16139,5669,2872,8962,8839,9010,3390,6315,4121,2961,1477,351,4217,7733,2464,1618,1799,4916,4113
900-2G503-0010-000,,,V100-SXM2,CU,V100,BD,Raw Forecast,ChannelInv,405,461,539,520,1145,1039,911,678,566,958,895,610,438,608,481,432,282,0,268,65,0,0,0,0,0,0,0,0,0,0,0,0,0,0,0,0,0,0,0,0,0,0,0,0,0,0,0,0,0,0,0,0,0,0,0,0,0,0,0,0,0,0,0,0,0,0,0,0,0,0,0,0,0,0,0,0,0,0,0,0,0,0,0,0,0,0,0,0,0,0,0,0,0,0,0,0,0,0,0,0,0,0,0,0,0,0,0,0,0,0,0,0,0,0
900-5G160-0150-000,,,RTX4000 (TU104-850),WS,U104,BD,Raw Demand,Demand,,,,,,,,,,,,,,,,,,,,,,,,,,,75,75,575,300,445,1125,1125,1125,805,150,200,200,160,135,87,87,29,54,77,77,50,100,100,175,175,200,175,200,550,525,925,875,700,750,500,875,875,1600,1700,1825,2000,1325,1525,1300,1375,1475,1475,1525,1550,1850,1525,1500,1850,2975,2875,2675,3000,1450,1650,2825,3425,3550,4025,3725,2200,2000,5052,4077,3956,4006,379,429,475,650,625,875,1050,1300,1725,2975,2908,2658,3158,3433,3755,4203,3907,2824
900-5G160-0150-000,,,RTX4000 (TU104-850),WS,U104,BD,Raw Forecast,BUF,,,,,,,,,,,,,,,,,,,,,,,,10,20,30,40,40,155,313.75,472.5,631.25,631.25,525,418.75,312.5,622.5,730,837.5,945,680,897.5,777.5,657.5,537.5,262.5,306.25,350,393.75,426.25,452.5,478.75,505,480,628.75,683.75,738.75,793.75,806.25,937.5,1068.75,1200,1328.75,1347.499,1366.248,1384.997,1299.996,1468.746,1674.995,1881.243,2087.492,2174.992,2218.744,2262.496,2156.247,2174.998,2199.998,2224.997,2399.998,2399.998,2493.746,2587.495,2681.243,2774.992,3037.493,3299.994,3562.496,3824.997,4813.746,5802.494,6791.243,7779.992,7779.992,6334.994,4889.995,3444.996,1999.998,1543.748,1087.498,631.249,174.999,131.249,87.5,43.75,,,1.999,3.999,5.998,7.997,7.497,6.996,6.496,5.995
900-5G160-0150-000,,,RTX4000 (TU104-850),WS,U104,BD,Raw Forecast,JFF,,,,,,,,,,,,,,,,,,,,,,,,10,20,30,40,40,155,313.75,472.5,631.25,631.25,525,418.75,312.5,622.5,730,837.5,945,680,898,778,658,538,263,307,351,395,426.8,452.8,478.8,504.8,480,629,684,739,794,807,938,1069,1200,1328.4,1348.2,1368,1387.799,1303.199,1472.399,1677.35,1882.3,2087.25,2172.5,2216.5,2260.5,2156,2176.35,2202.2,2228.05,2402.4,2402.4,2494.8,2587.2,2679.6,2772,3036,3300,3564,3828,4815.8,5803.6,6791.4,7779.2,7779.2,6334.9,4890.6,3446.3,2002,1545.5,1089,632.5,176,132,88,44,,,2.75,5.5,8.25,11,11,11,11,11
900-5G160-0150-000,,,RTX4000 (TU104-850),WS,U104,BD,Raw Forecast,SalesOpps,,,,,,,,,,,,,,,,,,,,,,,,,,,,,,,,,,,,,,,,,,,,,,,,,,,,,,,,,,,1726,2346,3068,3462,3491,3347,4011,3791,3487,3689,3492,3281,3066,3131,3209,3489,3478,3598,3418,2939,3622,3249,3265,3534,3653,3818,5553,5953,6354,6845,7522,7658,7174,10981,10098,11223,11024,7182,5648,3059,3233,3405,3032,2433,2757,2925,2708,2590,5922,3669,1821,3954,2064,2486,2580,2824
900-5G160-0150-000,,,RTX4000 (TU104-850),WS,U104,BD,Raw Forecast,RollingDemand,,,,,,,,,,,,,,,,,,,,,,,,,,,,,25,126,75,586,1086,1114,689,53,34,755,575,714,384,261,192,326,140,169,183,198,164,189,192,89,90,152,250,315,660,937,594,877,1195,1353,1431,1679,2714,2814,2839,2928,2703,2490,2014,2090,2196,2508,2673,3013,2953,2662,3370,2912,2735,2707,2526,2415,3988,4267,4164,4045,4602,4450,4332,8558,8272,9920,9981,6336,4390,1670,1692,1904,1733,1238,1639,1930,1923,2055,5700,3669,1821,3954,2064,2486,2580,2824
900-5G160-0150-000,,,RTX4000 (TU104-850),WS,U104,BD,Raw Forecast,ChannelInv,,,,,,,,,,,,,,,,,,,,,,,,,,0,0,0,0,0,0,0,0,0,0,0,1844,3717,5976,9459,10901,13347,16386,19338,22197,25090,27949,31032,34329,37142,39949,43793,47438,49981,52689,54934,57801,60588,62899,64447,66594,67907,69152,70328,71685,72289,72550,72984,74385,74964,75991,76953,78398,78583,79924,80779,81156,83068,84143,85756,86629,88641,90373,91907,94550,96474,98812,102675,106709,111780,116039,119229,123288,128794,133002,134661,137704,140516,144807,149875,155450,162715,168117,174604,187681,197650,207670,218204,232527,246048,259274,271425,283875,295529
900-5G160-0150-001,,,RTX4000 (TU104-850),WS,U104,BD,Raw Demand,Demand,,,,,,,,,,,,,,,,,,95,95,95,95,95,70,95,95,55,25,30,30,,30,30,30,55,25,25,25,350,410,410,435,125,65,90,90,175,400,375,375,325,275,350,475,555,725,1050,1150,1225,1175,950,925,1175,1075,1525,1550,1425,1575,1450,1525,1900,2200,2525,2675,2650,2800,2350,2625,4150,4775,8575,7850,5925,6957,4407,5482,6157,5475,4300,3302,4652,8252,8031,13952,12052,7052,6748,1429,1429,1504,1679,1375,1650,1675,1550,1575,1550,1500,1910,1785,1735,1839,1697,2263,3128
900-5G160-0150-001,,,RTX4000 (TU104-850),WS,U104,BD,Raw Forecast,BUF,,,,,,,,,,,,,,,,,,,,,,,,,,,,,,68.75,137.5,206.25,331.25,300,268.75,237.5,1122.5,1795,2467.5,3140,2840,3261.25,2870,2478.75,2087.5,1706.25,1731.25,1756.25,1781.25,1456.25,1632.5,1808.75,1985,2080,2216.25,2133.75,2051.25,1968.75,2043.75,2250,2456.25,2662.5,2786.25,2827.499,2868.747,2909.996,2739.994,3142.494,3601.245,4059.997,4518.748,4849.999,5043.749,5237.499,4843.749,4864.998,4967.497,5069.996,5759.996,5759.996,5732.496,5704.996,5677.496,5649.996,5943.746,6237.495,6531.244,6824.994,8863.744,10902.494,12941.244,14979.994,14979.994,12359.993,9739.992,7119.991,4499.99,3518.741,2537.491,1556.242,574.992,486.244,397.496,308.748,220,220,421.248,622.496,823.743,1024.991,1681.241,2337.492,2993.742,3649.992
900-5G160-0150-001,,,RTX4000 (TU104-850),WS,U104,BD,Raw Forecast,JFF,,,,,,,,,,,,,,,,,,,,,,,,,,,,,,69,138,207,332.25,300.75,269.25,237.75,1122.3,1794.6,2466.9,3139.2,2839.2,3260.4,2869.35,2478.3,2087.25,1706.25,1731,1755.75,1780.5,1455.3,1632,1808.7,1985.4,2080.8,2216.6,2134.4,2052.2,1970,2045.5,2251.5,2457.5,2663.5,2787.8,2828,2868.2,2908.4,2736.8,3138.85,3598.65,4058.45,4518.25,4851,5043.5,5236,4842.75,4864.75,4969.25,5073.75,5764,5764,5736.5,5709,5681.5,5654,5945.5,6237,6528.499,6819.999,8859.399,10898.8,12938.2,14977.6,14977.6,12357.95,9738.3,7118.65,4499,3517.25,2535.5,1553.75,572,484,396,308,220,220,420.75,621.5,822.25,1023,1679.25,2335.5,2991.75,3648
900-5G160-0150-001,,,RTX4000 (TU104-850),WS,U104,BD,Raw Forecast,SalesOpps,,,,,,,,,,,,,,,,,,,,,,,,,,,,,,,,,,,,,,,,,,,,,,,,,,,,,,,,,,,4494,4199,4471,4505,4585,4789,4634,4812,5794,5979,6595,6330,6174,7011,6996,6898,6469,6804,6517,6151,6496,6744,8223,7926,8785,7607,7821,8695,9768,11209,10696,10193,9663,20049,27256,25508,25185,17443,9529,7175,6721,6062,1915,1472,1120,1487,1770,1454,2337,2784,3328,3855,3972,4056,4261,4992
900-5G160-0150-001,,,RTX4000 (TU104-850),WS,U104,BD,Raw Forecast,RollingDemand,,,,,,,,,,,,,,,,,,,,,,95,95,95,95,55,25,,,,,30,30,30,25,25,25,741,1128,2324,3584,1975,2184,2151,1033,957,1022,1207,1219,1253,1321,1423,1263,1548,1400,1654,1998,2218,2491,2341,2693,2881,3220,3771,3850,4086,4776,4777,5363,5070,5220,6168,6313,6419,6100,6595,6396,6068,6481,6386,7332,6466,6714,5229,5049,5561,6265,7208,6839,6289,5945,16465,16856,15827,16028,8349,7012,4586,4054,4045,779,464,312,515,473,268,577,774,1069,1091,1470,1805,2262,3128
900-5G160-0150-001,,,RTX4000 (TU104-850),WS,U104,BD,Raw Forecast,ChannelInv,,,,,,,,,,,,,,,,,,,,,,,,,,,,,,,,,,,,,,,,,,,,,,,,,,,,,,,,,,,,,,,,,,,,,,,,,,,,,,,,,,,,,,,,,,,,,,,,,,,,,,,,,,,,,,,,,,
900-5G160-1750-000,,,RTX4000 (TU104-850),WS,U104,BD,Raw Demand,Demand,,,,,,,,,,,,,,,,,,700,700,710,710,710,710,705,2105,2110,2110,2110,705,700,700,700,1300,600,600,600,,,,,600,606,600,606,6,6,6,,,,,,50,50,400,860,910,910,1190,730,630,880,650,650,1350,1400,1000,2000,1350,1630,2130,730,1080,300,900,900,1050,1640,1540,1740,1690,1100,200,2250,2250,2200,2800,1350,2025,3225,2925,3200,4090,2890,4115,3665,1250,1250,3,753,753,753,750,,,,,,10,12,12,12,2,
900-5G160-1750-000,,,RTX4000 (TU104-850),WS,U104,BD,Raw Forecast,BUF,,,,,,,,,,,,,,,,,,,,200,375,550,550,890,1255,1620,2160,2160,2032.5,1805,1577.5,1350,1350,1450,1550,1650,1447.5,1136,824.5,513,404,503,602,701,800,800,650,500,350,250,310,370,430,440,492.5,572.5,652.5,732.5,732.5,817.5,902.5,987.5,1025,990,955,920,960,1057.5,1242.5,1427.5,1612.5,1462.5,1317.5,1172.5,877.5,1044,1118,1192,1416,1416,1454.5,1493,1531.5,1570,1602.5,1635,1667.5,1700,2234,2768,3302,3836,3836,3389.5,2943,2496.5,2050,1956.75,1863.5,1770.25,1677,1257.75,838.5,419.25,,,,,,,200,400,600,800
900-5G160-1750-000,,,RTX4000 (TU104-850),WS,U104,BD,Raw Forecast,JFF,,,,,,,,,,,,,,,,,1762.5,3525,5287.5,5487.5,4100,2712.5,2500,2840,3005,3170,2160,2160,2032.5,1805,1577.5,1350,1350,1450,1550,1650,1447.5,1536,1624.5,1713,2004,1703,1402,1101,800,800,650,500,350,250,310,370,430,440,492.5,572.5,652.5,732.5,732.5,817.5,902.5,987.5,1025,990,955,920,960,1057.5,1242.5,1427.5,1612.5,1462.5,1317.5,1172.5,877.5,1044,1118,1192,1416,1416,1454.5,1493,1531.5,1570,1602.5,1635,1667.5,1700,2014,2328,2642,2956,2956,2729.5,2503,2276.5,2050,1956.75,1863.5,1770.25,1677,1257.75,838.5,419.25,,,,,,,200,400,600,800
900-5G160-1750-000,,,RTX4000 (TU104-850),WS,U104,BD,Raw Forecast,SalesOpps,,,,,,,,,,,,,,,,,,,,,,,,,,,,,,,,,,,,,,,,,,,,,,,,,,,,,,,,,,,842,936,771,915,407,376,591,700,736,795,1481,1578,2095,800,1164,837,600,600,800,1140,800,1150,1881,1625,1176,2209,2975,2990,3157,1632,2015,3378,3816,4674,3269,2190,3926,4621,2330,2446,481,1812,2496,3359,3845,3237,5007,5235,4769,4108,3369,730,775,799,795,780
900-5G160-1750-000,,,RTX4000 (TU104-850),WS,U104,BD,Raw Forecast,RollingDemand,,,,,,,,,,,,,,,,,,,,,700,700,710,710,710,2110,2110,2110,705,,700,700,700,600,600,600,,,,,,,600,600,6,6,6,,,,,,,,50,210,710,810,560,730,630,780,300,300,550,700,736,700,1300,1350,1830,630,1080,800,600,600,800,1140,590,940,1290,700,200,1000,2000,2250,2550,1150,1550,2850,3175,3175,1900,890,2765,4315,1900,2000,,750,750,753,750,,1650,1650,1650,1650,1650,,10,12,2,
900-5G160-1750-000,,,RTX4000 (TU104-850),WS,U104,BD,Raw Forecast,ChannelInv,,,,,,,,,,,,,,,,,,,,,,,,,,,,,,,,,,,,,,,,,,,,,,,,,,,,,,,,,,,,,,,,,,,,,,,,,,,,,,,,,,,,,,,,,,,,,,,,,,,,,,,,,,,,,,,,,,
900-61852-5205-310,,,Audi/Bosch P1852,EA,T030,BD,Raw Demand,Demand,55750,57000,54700,50650,34800,32100,28600,36500,52100,55250,65350,59700,60050,63550,53800,52200,52900,50700,55950,61400,60000,58250,52250,36100,29400,33300,41600,57050,67850,64550,64650,63750,61350,61500,59250,56400,53550,53700,52350,50850,43500,42900,43950,47850,53850,55350,52200,47400,41850,37500,34800,33750,34800,32400,32100,29100,20850,17850,15600,18900,28950,32850,38975,39575,40775,44175,41500,42400,41050,36450,39350,39650,36500,35150,28950,18600,15750,17250,19500,26550,31200,30300,28950,28050,25800,24600,24600,22800,20400,14700,8250,7950,6000,9450,9450,5850,10350,15150,21500,25100,24350,21500,19650,21000,20700,20400,21600,18300,12900,10050,9969,13692,18589,20622
900-61852-5205-310,,,Audi/Bosch P1852,EA,T030,BD,Raw Forecast,BUF,73757.8,75736,65117.5,57531.75,49946,42360.25,47939.25,54362.75,60786.25,67209.75,67756.85,66744.9,65732.95,64721,67039.2,65971.15,65042.1,64113.05,63184,60089.5,57412,54734.5,52413.5,51215.25,49461,47706.75,45596,45596,48776,54420,60064,65708,66055,62795.75,59536.5,56277.25,54072.05,52096.7,50121.35,48146,47233.6,48373.2,49453.05,50532.9,51612.75,52438.5,50444.75,48451,46457.25,44814.3,43507,42199.7,40892.4,38348.8,33447.1,29242.65,25038.2,20833.75,27604.5,33540.25,39476,45411.75,43782.5,45193.8,46605.1,48016.4,50919.2,45639.9,42664.35,39688.8,36713.25,36781.75,33960.75,31139.75,28437.75,26685.15,25518.3,24351.45,23065.6,23065.6,24337.7,25609.8,26881.9,28154,27739.5,27325,26910.5,26496,23924,21352,18780,16208,16208,13018.5,9829,6639.5,3450,8999.25,14548.5,20097.75,25647,24584.05,23521.1,22458.15,21395.2,21395.2,19712.4,18029.6,16346.8,14664,15485.25,16306.5,17127.75,17949
900-61852-5205-310,,,Audi/Bosch P1852,EA,T030,BD,Raw Forecast,JFF,73757.8,75736,65117.5,57531.75,49946,42360.25,47939.25,54362.75,60786.25,67209.75,67756.85,66744.9,65732.95,64721,67039.2,65971.15,65042.1,64113.05,63184,60089.5,57412,54734.5,52413.5,51215.25,49461,47706.75,45596,45596,48776,52476.5,56177,59877.5,60224.5,58908.75,57593,56277.25,53432.85,51624.1,49815.35,48006.6,47900,44979.75,43492,42004.25,40516.5,42834.25,43241.5,43648.75,44056,40197.9,39930.6,39663.3,39396,42508.8,37492.85,32248.4,27003.95,21759.5,27604.5,33540.25,39476,45411.75,43782.5,39724,35665.5,31607,29040,29230.5,30922.5,32614.5,34306.5,33572.5,31553.75,29535,27635.25,26685.15,25518.3,24351.45,23065.6,23065.6,24920.95,26776.3,28631.65,30487,29489.25,28491.5,27493.75,26496,19818,13140,6462,0,0,3704.75,7625.5,11546.25,15467,15174.25,14881.5,14588.75,14296,13092.9,11889.8,10686.7,9483.6,9483.6,10673.7,11863.8,13053.9,14244,15157.5,16071,16984.5,17898
900-61852-5205-310,,,Audi/Bosch P1852,EA,T030,BD,Raw Forecast,SalesOpps,,,,,,,,,,,,,,,,,,,,,,,,,,,,,,,,,,,,,,,,,,,,,,,,,,,,,,,,,,,,55379,62867,77431,84738,91571,86653,85365,79413,75523,72723,72434,66809,58283,56349,52977,49723,40220,33313,27972,30716,29965,34080,35951,8164,17525,25290,28052,30055,32759,36050,36346,34929,30930,24142,15166,20771,24746,25556,30015,15598,40515,42069,38879,32257,28999,32484,38446,41187,42082,38086,30860,29304,32272,28356,36428
900-61852-5205-310,,,Audi/Bosch P1852,EA,T030,BD,Raw Forecast,RollingDemand,73794,76926,68749,62686,61149,61246,51423,50074,60515,71287,85968,78941,65126,64913,67681,61995,58476,59164,67811,67199,66564,60569,64863,52202,53100,59594,60585,77565,26513,75759,74074,67470,53323,56652,56394,50986,49607,49607,46523,46932,43486,42421,44195,48275,48864,49805,48544,44569,43578,35517,35501,35505,38078,36490,34663,22419,23694,18546,21149,26247,38613,45274,53402,51149,52845,50048,45627,44485,45888,41341,36289,35675,33953,32350,24675,18252,14632,18047,20634,28830,31604,5358,13127,19141,21304,22577,24372,26496,27938,27710,26212,22342,14166,19502,22102,18422,17901,,21603,24604,25394,20345,19016,19014,18611,20662,20631,19599,16020,14244,16857,12466,20215,20622
900-61852-5205-310,,,Audi/Bosch P1852,EA,T030,BD,Raw Forecast,ChannelInv,,,,,,,,,,,,,,,,,,,,,,,,,,,,,,,,,,,,,,,,,,,,,,,,,,,,,,,,,,,,,,,,,,,,,,,,,,,,,,,,,,,,,,,,,,,,,,,,,,,,,,,,,,,,,,,,,,
930-13700-2500-000,,,SHIELD Accessory,MG,NOCH,BD,Raw Demand,Demand,,,,,,,,,,,,,,,,,,,,,,,,,,,,,,,,,,,,,,,,,,,,,,,,,,,,,,,,,,,,,,,,,,,,,,,,,,,,,,,,220,3320,8103,11665,15813,15043,3260,9555,9471,14922,19158,15271,16407,17308,5066,5558,5947,5393,5254,4595,3835,2736,2521,2323,2917,2685,2143,3122,2614,2856,3867,2763,2403,2214,1950
930-13700-2500-000,,,SHIELD Accessory,MG,NOCH,BD,Raw Forecast,BUF,,,,,,,,,,,,,,,,,,,,,,,,,,,,,,,,,,,,,,,,,,,,,,,,,,,,,,,1250,2500,3750,5000,4002,4002,4002,4002,4173.6,3723.6,3273.6,2823.6,3200,2737.75,2297.5,1857.25,1417,1239.75,880,520.25,160.5,,,,,,187.5,375,562.5,750,3060,5370,7680,9990,9042.5,8095,7147.5,6200,6200,5793,5386,4979,4572,4472,4372,4272,4172,4874.6,5577.2,6279.8,6982.4,6982.4,5962.3,4942.2,3922.1,2902,2769.5,2637,2504.5,2372
930-13700-2500-000,,,SHIELD Accessory,MG,NOCH,BD,Raw Forecast,JFF,,,,,,,,,,,,,,,,,,,,,,,,,,,,,,,,,,,,,,,,,,,,,,,,,,,,,,,,,,,,,,,1720,1720,1720,1720,,,,,,,,,,1597,3194,4791,6388,6388,4791,3194,1597,,,,,,,,,,,,,,,,,,,,,,,,,,,,,,,
930-13700-2500-000,,,SHIELD Accessory,MG,NOCH,BD,Raw Forecast,SalesOpps,,,,,,,,,,,,,,,,,,,,,,,,,,,,,,,,,,,,,,,,,,,,,,,,,,,,,,,,,,,35,38,43,49,57,68,85,70,52,30,0,0,0,0,0,0,0,0,0,0,0,,,,221,8700,9600,12628,13668,15428,16098,17890,9572,15492,12812,15032,16532,18278,19305,20575,5771,5552,5293,4512,4000,3383,3273,2494,2877,2840,4005,2851,1838,1898,2114,2014
930-13700-2500-000,,,SHIELD Accessory,MG,NOCH,BD,Raw Forecast,RollingDemand,,,,,,,,,,,,,,,,,,,,,,,,,,,,,,,,,,,,,,,,,,,,,,,,,,,,,,,,,,,,,,,,,,,,,,,,,,,,,,,,,,,,,,221,8700,9600,12628,13668,15428,16098,17890,9572,15492,12812,15032,16532,17912,18620,19620,4600,4590,4650,4000,3660,3200,3090,2450,2650,2457,3522,2302,1500
930-13700-2500-000,,,SHIELD Accessory,MG,NOCH,BD,Raw Forecast,ChannelInv,,,,,,,,,,,,,,,,,,,,,,,,,,,,,,,,,,,,,,,,,,,,,,,,,,,,,,,,,,,,,,,,0,0,0,0,0,0,0,0,0,0,0,0,0,0,0,0,0,0,0,0,0,0,0,0,0,2680,0,0,0,0,0,0,0,0,0,0,4319,14238,23557,32292,39279,45579,50908,56124,60847,64594,67315,69132,70331,70430,71018
945-12897-2500-101,,,SHIELD Console,MG,T214,SY,Raw Demand,Demand,,,,,,,,,,,,,,,,,,,,,,,,,,,,,,,,,,,,,,,,,,,,,,,,,,,,,,,,,6048,6048,11088,11088,9516,9694,9402,9114,15984,12070,12668,11546,14582,40465,44677,35831,28343,26909,21885,21740,15409,8596,9027,9252,9144,7731,8855,6564,9830,12940,16016,18399,17710,16589,15560,17387,11052,12481,15378,22839,31379,23748,24181,30354,24585,32160,23359,25696,29242,18822,19647,14514,8829,19494,19917,17418,16827,6234
945-12897-2500-101,,,SHIELD Console,MG,T214,SY,Raw Forecast,BUF,,,,,,,,,,,,,,,,,,,,,,,,,,,,,,,,,,,,,,,,,,,,,,,,,,,,,,,2778.25,5556.5,8334.75,11113,10549.75,10549.75,10549.75,10549.75,11953.75,13375.5,14797.25,16219,16800,15346.75,15852,16357.25,16862.5,16157,17642.75,19128.5,20614.25,21669.4,18574.8,15480.2,12385.6,12385.6,13854.2,15322.8,16791.4,18260,21785,25310,28835,32360,25950,19540,13130,6720,6720,10590,14460,18330,22200,22897.75,23595.5,24293.25,24991,23623.05,22255.1,20887.15,19519.2,19519.2,18282.65,17046.1,15809.55,14573,16592.75,18612.5,20632.25,22652
945-12897-2500-101,,,SHIELD Console,MG,T214,SY,Raw Forecast,JFF,,,,,,,,,,,,,,,,,,,,,,,,,,,,,,,,,,,,,,,,,,,,,,,,,,,,,,,,,,,,,,,4676,7443.2,10210.4,12977.6,11068.8,8301.6,5534.4,2767.2,,,,,,4594,9188,13782,18376,18376,13782,9188,4594,,,,,,,,,,,,,,,,,,,5365.2,10730.4,16095.599,21460.799,21460.799,16095.599,10730.4,5365.2,,,,,
945-12897-2500-101,,,SHIELD Console,MG,T214,SY,Raw Forecast,SalesOpps,,,,,,,,,,,,,,,,,,,,,,,,,,,,,,,,,,,,,,,,,,,,,,,,,,,,,,,,,,,13930,13818,14662,15678,15832,15018,14047,12529,10601,9288,5031,5622,14551,12006,35176,31763,24558,24228,18681,14872,12644,10658,11524,11281,13906,14919,13019,10081,20534,19603,21534,24882,28534,31702,18930,22464,22927,21203,21452,9443,24092,29243,27889,35458,29037,33489,32123,25994,26343,22633,22394,24598,19358,16608,28467,18178
945-12897-2500-101,,,SHIELD Console,MG,T214,SY,Raw Forecast,RollingDemand,,,,,,,,,,,,,,,,,,,,,,,,,,,,,,,,,,,,,,,,,,,,,,,,,,,,,,,,,,,11088,11088,11088,11088,11088,11088,11088,11108,9914,7238,2354,2892,11780,10480,34060,30010,22064,21964,16764,12001,10555,8797,7151,5596,4894,2248,2280,2298,16078,18806,21534,24882,27990,31158,18386,18536,15877,13946,14026,5131,23265,28449,27264,34662,27948,32124,30308,24170,22390,15894,12584,12539,6916,4416,16810,6234
945-12897-2500-101,,,SHIELD Console,MG,T214,SY,Raw Forecast,ChannelInv,,,,,,,,,,,,,,,,,,,,,,,,,,,,,,,,,,,,,,,,,,,,,,,,,,,,,,,,,,0,0,0,0,0,0,0,0,996,154,0,10453,19567,4481,5247,3631,5332,2748,3088,10272,13398,16217,18390,21365,25647,30689,33160,32637,33671,34216,32553,33221,33440,33843,34142,34212,34499,36391,35244,33930,36316,38390,31727,29700,30130,34078,39539,45133,54994,62182,76280,91492,104983,124538,154748,176874,176874
945-12897-2505-101,,,SHIELD Console,MG,T214,SY,Raw Demand,Demand,,,,,,,,,,,,,,,,,,,,,,,,,,,,,,,,,,,,,,,,,,,,,,,,,,,,,,,,,,,,,1607,1303,2366,2150,4382,6493,5646,7590,19140,15002,14366,17090,17620,14724,11172,9436,11024,12486,11218,10638,8794,15474,14562,13006,13006,17466,17466,17438,17466,17466,17322,17322,17294,16574,12588,17294,12388,15710,21758,20306,19920,13686,19562,15818,14716,18340,12416,17912,16050,13916,18236,16052,13892,10590
945-12897-2505-101,,,SHIELD Console,MG,T214,SY,Raw Forecast,BUF,,,,,,,,,,,,,,,,,,,,,,,,,,,,,,,,,,,,,,,,,,,,,,,,,,,,,,,720.25,886.75,1053.25,1219.75,635.75,613,590.25,567.5,542.25,509.5,476.75,444,444,729.25,1014.5,1299.75,1585,1590,1595,1600,1605,3281.75,4958.5,6635.25,8312,8312,9031.5,9751,10470.5,11190,11152.5,11115,11077.5,11040,10056,9072,8088,7104,7104,9450,11796,14142,16488,16081,15674,15267,14860,12617,10374,8131,5888,5888,6506,7124,7742,8360,8610,8860,9110,9360
945-12897-2505-101,,,SHIELD Console,MG,T214,SY,Raw Forecast,JFF,,,,,,,,,,,,,,,,,,,,,,,,,,,,,,,,,,,,,,,,,,,,,,,,,,,,,,,,,,,,,,,2004,3125,4246,5367,4484,3363,2242,1121,,,,,,2608.2,5216.4,7824.6,10432.8,10432.8,7824.6,5216.4,2608.2,,,,,,,,,,,,,,,,,,,1546,3092,4637.999,6183.999,6183.999,4637.999,3092,1546,,,,,
945-12897-2505-101,,,SHIELD Console,MG,T214,SY,Raw Forecast,SalesOpps,,,,,,,,,,,,,,,,,,,,,,,,,,,,,,,,,,,,,,,,,,,,,,,,,,,,,,,,,,,2706,3136,3396,3739,3719,5267,4828,2840,1233,3727,4461,1191,5991,15726,14841,12547,14577,11471,10168,8084,13062,10638,9770,6497,5579,13967,13282,17903,17765,17613,17466,17466,17322,17322,17294,17849,18549,19312,19416,18977,17004,22119,22015,16993,15098,10202,15112,13300,10483,15546,16293,12470,12907,17220,15265,16030
945-12897-2505-101,,,SHIELD Console,MG,T214,SY,Raw Forecast,RollingDemand,,,,,,,,,,,,,,,,,,,,,,,,,,,,,,,,,,,,,,,,,,,,,,,,,,,,,,,,,,,,,,,,2050,2006,1063,216,2472,3342,72,4872,15000,14356,11916,13596,10848,9672,7734,13062,10638,8794,5394,4338,12574,12718,17466,17466,17466,17466,17466,17322,17322,17294,17294,17294,17294,17294,17294,15854,21732,21732,16826,15098,10202,15112,13300,9560,12728,12008,6572,6572,11420,9572,10590
945-12897-2505-101,,,SHIELD Console,MG,T214,SY,Raw Forecast,ChannelInv,,,,,,,,,,,,,,,,,,,,,,,,,,,,,,,,,,,,,,,,,,,,,,60,60,60,60,60,82,82,82,82,82,82,82,82,82,82,82,82,82,82,82,82,82,82,82,82,82,525,2026,4076,7338,10639,9188,8335,8082,7386,8158,5823,4901,3395,4404,5056,5566,5178,5568,5197,3578,3373,3131,3100,3293,3377,3873,4407,4608,4824,5115,5242,5483,5676,7083,8887,7389,9231,9160,9237,10883,12781,18464,23597
945-13430-2500-000,,,SHIELD Console,MG,T214,BD,Raw Demand,Demand,,,,,,,,,,,,,,,,,,,,,,,,,,,,,,,,,,,,,,,,,,,,,,,,,,,,,,,,,6480,6480,12960,12960,7631,10725,24480,21605,29590,24031,26140,26407,20850,28338,16244,15987,16013,151,187,249,92,71,87,67,89,155,151,176,150,95,3984,4015,4130,4108,5237,5305,5395,7864,3017,3072,18559,10409,16069,15959,12825,11752,7857,7795,3979,2060,2049,2048,2022,2073,159,161,159,150
945-13430-2500-000,,,SHIELD Console,MG,T214,BD,Raw Forecast,BUF,,,,,,,,,,,,,,,,,,,,,,,,,,,,,,,,,,,,,,,,,,,,,,,,,,,,,,,3797,7594,11391,15188,14544.5,14544.5,14544.5,14544.5,16283.8,19686.8,23089.8,26492.8,28800,26843.25,23966.25,21089.25,18212.25,15066.5,12987,10907.5,6924.5,6437.8,5805.1,5172.4,6443.2,6443.2,5097.4,3751.6,2405.8,1060,2813.75,4567.5,6321.25,8075,7496.05,6917.1,6338.15,5759.2,5759.2,6533.4,7307.6,8081.8,8856,9412,9968,10524,11080,10187.6,9295.2,8402.8,7510.4,7510.4,9006.3,10502.2,11998.1,13494,13762.75,14031.5,14300.25,14569
945-13430-2500-000,,,SHIELD Console,MG,T214,BD,Raw Forecast,JFF,,,,,,,,,,,,,,,,,,,,,,,,,,,,,,,,,,,,,,,,,,,,,,,,,,,,,,,,,,,,,,,10332,16557.8,22783.6,29009.399,24903.199,18677.399,12451.6,6225.8,,,,,,,,,,,,,,,,,,,137.6,275.2,412.799,550.399,550.399,412.799,275.2,137.6,,,,,,,,,,,,,,,,,,
945-13430-2500-000,,,SHIELD Console,MG,T214,BD,Raw Forecast,SalesOpps,,,,,,,,,,,,,,,,,,,,,,,,,,,,,,,,,,,,,,,,,,,,,,,,,,,,,,,,,,,31260,30370,30658,31266,30079,27560,24571,25657,14917,30508,28766,23656,13941,10972,22992,6999,6316,5057,3692,3411,1989,1986,2062,504,729,914,1028,830,689,552,333,381,1817,1809,1999,2756,1783,4780,5460,2572,1935,5308,7953,7030,1260,6560,400,250,3592,5230,7005,9005,7702,8238,8627,8846
945-13430-2500-000,,,SHIELD Console,MG,T214,BD,Raw Forecast,RollingDemand,,,,,,,,,,,,,,,,,,,,,,,,,,,,,,,,,,,,,,,,,,,,,,,,,,,,,,,,,,,12960,12960,12960,12960,12960,12960,12960,19151,12220,25140,20470,13360,1580,1280,16150,490,400,400,500,220,270,320,231,160,190,160,200,160,190,240,260,250,210,230,420,500,420,2740,3025,660,630,4680,7720,7030,1260,6560,400,250,2055,2055,2045,2085,145,145,145,150
945-13430-2500-000,,,SHIELD Console,MG,T214,BD,Raw Forecast,ChannelInv,,,,,,,,,,,,,,,,,,,,,,,,,,,,,,,,,,,,,,,,,,,,,,,,,,,,,,,,,,0,0,0,0,0,0,0,0,3129,53,32,14900,36073,46702,61995,68362,98291,130897,168700,209503,248204,284675,319635,354124,387650,419869,445619,462972,481701,502874,522874,539275,549392,560134,573232,585650,589934,599983,607605,613539,617236,620540,626773,628614,632593,644726,657907,675517,693877,715275,736522,757074,777540,798824,815268,830277,830277
945-13430-2505-000,,,SHIELD Console,MG,T214,SY,Raw Demand,Demand,,,,,,,,,,,,,,,,,,,,,,,,,,,,,,,,,,,,,,,,,,,,,,,,,,,,,,,,,,,,,7995,6741,8966,8080,6286,9678,7179,8273,8091,5464,5074,5074,3354,1434,720,720,,480,2424,2424,2188,2900,1728,1728,2688,1732,2640,4680,4560,5040,3360,3000,4800,5040,6240,6000,4320,4540,3340,2140,3100,3120,3120,3360,1680,720,720,1440,1440,1440,1440,,,
945-13430-2505-000,,,SHIELD Console,MG,T214,SY,Raw Forecast,BUF,,,,,,,,,,,,,,,,,,,,,,,,,,,,,,,,,,,,,,,,,,,,,,,,,,,,,,,2052,4210.5,6369,8527.5,8070.5,8612,9153.5,9695,9386,7972,6558,5144,5144,5465.5,5787,6108.5,6430,6106.25,5782.5,5458.75,5135,4469.25,3803.5,3137.75,2472,2472,2176.5,1881,1585.5,1290,1530,1770,2010,2250,2137.5,2025,1912.5,1800,1800,2275,2750,3225,3700,3800,3900,4000,4100,3695,3290,2885,2480,2480,3396,4312,5228,6144,5664,5184,4704,4224
945-13430-2505-000,,,SHIELD Console,MG,T214,SY,Raw Forecast,JFF,,,,,,,,,,,,,,,,,,,,,,,,,,,,,,,,,,,,,,,,,,,,,,,,,,,,,,,,,,,,,,,3247.2,5330.6,7414,9497.4,8333.6,6250.2,4166.8,2083.4,,,,,,,,,,,,,,,,,,,316.4,632.8,949.199,1265.599,1265.599,949.199,632.8,316.4,,,,,,49.6,99.2,148.799,198.399,198.399,148.799,99.2,49.6,,,,,
945-13430-2505-000,,,SHIELD Console,MG,T214,SY,Raw Forecast,SalesOpps,,,,,,,,,,,,,,,,,,,,,,,,,,,,,,,,,,,,,,,,,,,,,,,,,,,,,,,,,,,7436,7472,6440,5352,3460,11022,11300,9633,6882,7650,9179,5312,8216,8548,5667,4670,1719,2127,920,530,65,65,2258,2671,727,1207,1200,1732,960,960,0,1680,480,1320,960,747,2094,2828,668,881,1746,772,52,52,2400,1920,960,0,1248,1065,1533,2048,2092,2127,2231,2288
945-13430-2505-000,,,SHIELD Console,MG,T214,SY,Raw Forecast,RollingDemand,,,,,,,,,,,,,,,,,,,,,,,,,,,,,,,,,,,,,,,,,,,,,,,,,,,,,,,,,,,,,,,,9000,10000,9175,6676,6350,6857,2424,4738,6058,3738,2826,,720,,,,,2160,2664,720,1200,1200,1732,960,960,,1680,480,1320,960,480,1680,2400,240,720,1680,720,,,2400,1920,960,,720,,,,,,,
945-13430-2505-000,,,SHIELD Console,MG,T214,SY,Raw Forecast,ChannelInv,,,,,,,,,,,,,,,,,,,,,,,,,,,,,,,,,,,,,,,,,,,,,,64,64,64,64,64,88,88,88,88,88,88,88,88,88,88,88,88,88,88,88,88,88,88,88,88,88,613,3513,7063,12510,21043,29043,34833,43468,51778,61510,69462,76421,82571,88293,93405,97737,102270,107973,112117,115025,119815,124207,129246,132971,136292,139438,145023,150050,152742,154462,158554,162137,165633,169561,173637,179206,184237,189277,194276,199994,205650,211727,217707
945-13450-0000-100,,,Jetson Nano Devkit,HH,T210,BD,Raw Demand,Demand,,,,,,,,,,,,,,,,,,,,,,,,,,,,,,,,,,,,,,,,,,,,,,,,,,,,,,,,,,,,,,,,,,,,,,,,,,,,,,,4327,4259,7189,7663,6528,8611,9031,10373,11370,10733,11315,11240,10865,8567,9816,8622,10000,11083,7949,7404,7686,6862,7635,9378,8126,6886,6591,4928,7061,8173,4459,8480,6338,8236,8895,5968
945-13450-0000-100,,,Jetson Nano Devkit,HH,T210,BD,Raw Forecast,BUF,,,,,,,,,,,,,,,,,,,,,,,,,,,,,,,,,,,,,,,,,,,,,,,,,,,,,,,,,,,,,,,,,,,,,,,,,,,,,,,,,2064.5,4129,6193.5,8258,7872,7486,7100,6714,7165.5,7617,8068.5,8520,8520,8117.75,7715.5,7313.25,6911,6113.5,5316,4518.5,3721,4253.95,4786.9,5319.85,5852.8,5852.8,6171.6,6490.4,6809.2,7128,7186.25,7244.5,7302.75,7361
945-13450-0000-100,,,Jetson Nano Devkit,HH,T210,BD,Raw Forecast,JFF,,,,,,,,,,,,,,,,,,,,,,,,,,,,,,,,,,,,,,,,,,,,,,,,,,,,,,,,,,,,,,,,,,,,,,,,,,,,1600,3200,4800,6400,6400,6925,7450,7975,8500,8500,8500,8500,8500,8375,8250,8125,8000,8000,8000,8000,8000,8000,7000,6000,5000,4000,4600,5200,5800,6400,6400,6300,6200,6100,6000,6000,6000,6000,6000
945-13450-0000-100,,,Jetson Nano Devkit,HH,T210,BD,Raw Forecast,SalesOpps,,,,,,,,,,,,,,,,,,,,,,,,,,,,,,,,,,,,,,,,,,,,,,,,,,,,,,,,,,,,,,,,,,,,,,,,,,,,,,,,,,,,,,0,2589,5680,4870,6195,4050,7339,7991,5955,7579,5474,11442,6605,9239,8455,9469,11164,8812,8451,9270,7779,5845,7093,6198,9057,10850,8056,7520,7750
945-13450-0000-100,,,Jetson Nano Devkit,HH,T210,BD,Raw Forecast,RollingDemand,,,,,,,,,,,,,,,,,,,,,,,,,,,,,,,,,,,,,,,,,,,,,,,,,,,,,,,,,,,,,,,,,,,,,,,,,,,,,,,,,2140,4581,3122,4012,2192,6028,7241,5538,7186,5021,10865,6130,8804,7460,7930,8765,5551,5071,5784,4235,2461,3336,1947,4349,4992,3368,3460,4266,3458,3880,4260,3426,8733,5968
945-13450-0000-100,,,Jetson Nano Devkit,HH,T210,BD,Raw Forecast,ChannelInv,,,,,,,,,,,,,,,,,,,,,,,,,,,,,,,,,,,,,,,,,,,,,,,,,,,,,,,,,,,,,,,,,,,,,,,,,,,,,,,,,,,,0,0,0,350,2110,4920,8462,13145,16757,20210,27284,34983,42864,50034,60241,68708,81244,91260,101027,115103,123541,137864,153538,165802,179298,185572,197011,211916,227734,242786,256484
945-82972-0040-000,,,Jetson AGX Xavier DevKit 32GB,HH,T194,SY,Raw Demand,Demand,,,,,,,,,,,,,,,,,,,,,,,,,,,,,,,1,1,,,,,,,,,,,,,,,,,,,,,,,,1,1,,,,,,,,,,,,,,,,,,,,315,162,580,651,1130,1396,1690,1432,1319,1139,1571,1500,827,1215,758,782,848,740,795,889,840,229,473,518,818,727,832,1200,1323,1177,1230,1064,804,880,829,746,923,946
945-82972-0040-000,,,Jetson AGX Xavier DevKit 32GB,HH,T194,SY,Raw Forecast,BUF,,,,,,,,,,,,,,,,,,,,,,,,,,,,,,,,,,,,,,,,,,,,,,,,,,,,,,,,,,,,,,,,,,,,,,,,,,,,,,,,,261.25,522.5,783.75,1045,1032.75,1020.5,1008.25,996,956,916,875.999,835.999,835.999,766.999,697.999,628.998,559.998,560.748,561.498,562.248,562.998,625.448,687.899,750.35,812.8,812.8,824.6,836.4,848.2,860,860.5,861,861.5,862
945-82972-0040-000,,,Jetson AGX Xavier DevKit 32GB,HH,T194,SY,Raw Forecast,JFF,,,,,,,,,,,,,,,,,,,,,,,,,,,,,,,,,,,,,,,,,,,,,,,,,,,,,,,,,,,,,,,,,,,,,,,,,,,,90,180,270,360,360,445,530,615,700,750,800,850,900,875,850,825,800,800,800,800,800,800,775,750,725,700,705,710,715,720,720,752.5,785,817.5,850,850,850,850,850
945-82972-0040-000,,,Jetson AGX Xavier DevKit 32GB,HH,T194,SY,Raw Forecast,SalesOpps,,,,,,,,,,,,,,,,,,,,,,,,,,,,,,,,,,,,,,,,,,,,,,,,,,,,,,,,,,,0,2,2,0,,,,,,,,,,,,,,,,90,95,95,373,720,2026,2022,1376,1949,2142,2308,1678,1546,1235,1353,1280,969,845,836,844,467,689,737,775,790,487,847,1062,1138,1519,1211,1023,1072,1161,1050,1202,1306
945-82972-0040-000,,,Jetson AGX Xavier DevKit 32GB,HH,T194,SY,Raw Forecast,RollingDemand,,,,,,,,,,,,,,,,,,,,,,,,,,,,,,,,,1,1,1,1,,,,,,,,,,,,,,,,,,,,,,,,2,2,,,,,,,,,,,,,,,,,90,90,90,297,511,1687,1574,912,1520,1737,1886,1192,1044,819,1063,1141,865,680,602,535,177,420,463,551,536,200,450,598,737,1084,851,642,633,764,672,847,946
945-82972-0040-000,,,Jetson AGX Xavier DevKit 32GB,HH,T194,SY,Raw Forecast,ChannelInv,,,,,,,,,,,,,,,,,,,,,,,,,,,,,,,,,,,,,,,,,,,,,,,,,,,,,,,,,,,,,,,,,,,,,,,,,,,,,,,,,90,287,793,1209,1570,1775,1819,2051,2499,2595,3263,4035,4636,5529,6385,7173,7672,8154,8811,9305,9805,10305,10915,11125,11530,12075,13045,13721,14522,15277,16012,16604,17007,17007
945-82972-0045-000,,,Jetson AGX Xavier DevKit 32GB,HH,T194,SY,Raw Demand,Demand,,,,,,,,,,,,,,,,,,,,,,,,,,,,,,,,,,,,,,,,,,,,,,,,,,,,,,,,,,,,,,,,,,,,,,,,,,,,,,200,346,448,469,319,315,239,290,311,335,431,395,379,96,336,420,472,517,321,166,243,375,376,387,284,177,293,289,259,197,161,268,416,396,475,489,417
945-82972-0045-000,,,Jetson AGX Xavier DevKit 32GB,HH,T194,SY,Raw Forecast,BUF,,,,,,,,,,,,,,,,,,,,,,,,,,,,,,,,,,,,,,,,,,,,,,,,,,,,,,,,,,,,,,,,,,,,,,,,,,,,,,,,,45.5,91,136.5,182,246.5,311,375.5,440,426.8,413.6,400.4,387.2,387.2,368.9,350.6,332.3,314,328.25,342.5,356.75,371,312.65,254.3,195.95,137.6,137.6,204.95,272.3,339.65,407,398,389,380,371
945-82972-0045-000,,,Jetson AGX Xavier DevKit 32GB,HH,T194,SY,Raw Forecast,JFF,,,,,,,,,,,,,,,,,,,,,,,,,,,,,,,,,,,,,,,,,,,,,,,,,,,,,,,,,,,,,,,,,,,,,,,,,,,,55,110,165,220,220,240,260,280,300,300,300,300,300,305,310,315,320,320,302.5,285,267.5,250,287.5,325,362.5,400,380,360,340,320,320,302.5,285,267.5,250,250,250,250,250
945-82972-0045-000,,,Jetson AGX Xavier DevKit 32GB,HH,T194,SY,Raw Forecast,SalesOpps,,,,,,,,,,,,,,,,,,,,,,,,,,,,,,,,,,,,,,,,,,,,,,,,,,,,,,,,,,,,,,,,,,,,,,,,,,,,,,,,180,336,276,173,214,228,344,379,378,388,323,396,346,426,484,512,350,325,273,236,318,435,244,132,116,193,167,66,47,170,312,353,503,527,501
945-82972-0045-000,,,Jetson AGX Xavier DevKit 32GB,HH,T194,SY,Raw Forecast,RollingDemand,,,,,,,,,,,,,,,,,,,,,,,,,,,,,,,,,,,,,,,,,,,,,,,,,,,,,,,,,,,,,,,,,,,,,,,,,,,,,,,,180,308,230,108,141,174,302,350,350,361,302,381,338,426,456,456,266,210,165,133,229,371,186,82,67,150,139,33,1,101,220,260,415,441,417
945-82972-0045-000,,,Jetson AGX Xavier DevKit 32GB,HH,T194,SY,Raw Forecast,ChannelInv,,,,,,,,,,,,,,,,,,,,,,,,,,,,,,,,,,,,,,,,,,,,,,,,,,,,,,,,,,,,,,,,,,,,,,,,,,,,,,,,,,,,84,132,373,572,854,945,1048,1127,1182,1341,1415,1478,1578,1681,1738,1766,1927,2156,2272,2354,2510,2729,3061,3278,3405,3596,3801,4075,4218,4383,4513
945-82972-0046-000,,,Jetson AGX Xavier DevKit 32GB,HH,T194,SY,Raw Demand,Demand,,,,,,,,,,,,,,,,,,,,,,,,,,,,,,,,,,,,,,,,,,,,,,,,,,,,,,,,,,,,,,,,,,,,,,,,,,,,,,,130,130,130,130,,230,430,560,860,660,594,710,594,372,784,917,931,1251,400,735,1257,1437,1294,1187,855,1125,810,706,844,587,751,929,787,1010,798,1046
945-82972-0046-000,,,Jetson AGX Xavier DevKit 32GB,HH,T194,SY,Raw Forecast,BUF,,,,,,,,,,,,,,,,,,,,,,,,,,,,,,,,,,,,,,,,,,,,,,,,,,,,,,,,,,,,,,,,,,,,,,,,,,,,,,,,,82.5,165,247.5,330,357.5,385,412.5,440,504,568,632,696,696,693.25,690.5,687.75,685,778.75,872.5,966.25,1060,920.6,781.2,641.8,502.4,502.4,569.3,636.2,703.1,770,777.5,785,792.5,800
945-82972-0046-000,,,Jetson AGX Xavier DevKit 32GB,HH,T194,SY,Raw Forecast,JFF,,,,,,,,,,,,,,,,,,,,,,,,,,,,,,,,,,,,,,,,,,,,,,,,,,,,,,,,,,,,,,,,,,,,,,,,,,,,70,140,210,280,280,310,340,370,400,400,400,400,400,408,416,424,432,432,411.5,391,370.5,350,462.5,575,687.5,800,740,680,620,560,560,626.25,692.5,758.75,825,825,825,825,825
945-82972-0046-000,,,Jetson AGX Xavier DevKit 32GB,HH,T194,SY,Raw Forecast,SalesOpps,,,,,,,,,,,,,,,,,,,,,,,,,,,,,,,,,,,,,,,,,,,,,,,,,,,,,,,,,,,,,,,,,,,,,,,,,,,,,,,87,87,148,361,330,400,411,509,711,477,295,720,903,807,837,716,721,700,267,402,830,863,893,950,812,649,473,706,747,711,919,1145,1007,956,820,1270
945-82972-0046-000,,,Jetson AGX Xavier DevKit 32GB,HH,T194,SY,Raw Forecast,RollingDemand,,,,,,,,,,,,,,,,,,,,,,,,,,,,,,,,,,,,,,,,,,,,,,,,,,,,,,,,,,,,,,,,,,,,,,,,,,,,,,,,,,130,100,100,100,200,430,200,10,340,570,540,650,684,688,666,232,387,769,757,749,782,702,585,448,706,666,540,652,784,671,654,558,1046
945-82972-0046-000,,,Jetson AGX Xavier DevKit 32GB,HH,T194,SY,Raw Forecast,ChannelInv,,,,,,,,,,,,,,,,,,,,,,,,,,,,,,,,,,,,,,,,,,,,,,,,,,,,,,,,,,,,,,,,,,,,,,,,,,,,,,,,,,100,230,354,473,466,296,320,503,434,500,502,494,488,437,406,399,470,527,599,564,527,539,866,1023,1169,1558,1658,1967,2076,2407,2913,2753,2753
GM108-670-A2,,,GeForce 940MX,MB,M108,CH,Raw Demand,Demand,249821,293715,422189,390470,381064,343984,265252,310373,304707,340801,293184,257488,280038,335334,526840,494649,450992,346947,152623,240443,250838,240730,208451,148647,121187,101109,104158,153454,153460,175873,172888,148449,208968,200816,216958,191618,190334,190119,179840,168176,137251,120746,126324,159550,150092,190853,177016,196866,174637,139464,181356,126726,145619,146425,151150,164628,174687,188269,168850,161194,142533,170672,165503,142441,155082,105587,85411,105298,106935,117511,117028,125942,91610,108734,155855,120833,133024,106567,70131,103142,79486,105482,113357,118731,145515,145279,195698,237783,199720,239329,174330,149564,128439,77190,69104,65954,76996,71322,77935,84912,101180,118050,95137,116705,101616,91787,108653,139924,224462,217030,236830,195914,93755,89030
GM108-670-A2,,,GeForce 940MX,MB,M108,CH,Raw Forecast,BUF,254171,275204.8,318866.6,345955.9,373045.2,400134.5,348520.75,345505.75,342490.75,339475.75,377829.7,376839.4,375849.1,374858.8,367540.8,334455.85,283963.65,233471.45,182979.25,189808.75,198999.25,208189.75,220131.25,197709.1,190333.2,182957.3,172830.4,172830.4,200299.55,193691.2,187082.85,180474.5,169094.5,190581,212067.5,233554,226319.65,208716.7,191113.75,173510.8,161931.2,178404.15,183894.1,189384.05,194874,185883.75,185202.5,184521.25,183840,163298.9,145350.4,127401.9,109453.4,109372,122249.25,136007,149764.75,163522.5,156713.75,155928.25,155142.75,154357.25,154493.35,140987.1,127480.85,113974.6,107236,113751.998,116740.998,119729.998,122718.997,113218.999,106195.999,99173,102505.249,108580.249,115705.249,122830.248,119599.999,119599.999,136058.749,152517.5,168976.25,185435,185039.249,184643.498,184247.748,183851.997,162345.197,140838.397,119331.597,97824.797,97824.797,93905.347,89985.897,86066.448,82146.998,80074.248,78001.498,75928.748,73855.998,69568.798,65281.599,60994.399,56707.199,56707.199,70103.899,83500.598,96897.298,110293.997,116095.247,121896.497,127697.746,133498.996
GM108-670-A2,,,GeForce 940MX,MB,M108,CH,Raw Forecast,JFF,187878.599,189604.8,254666.6,303029.399,351392.199,399754.998,350953.747,348065.247,345176.746,342288.246,338989.696,317400.197,295810.698,274221.199,285144,272657.5,255848.999,239040.499,222231.999,233915.498,230021.498,226127.498,224984.67,197709.296,190333.422,182957.548,172830.501,172830.501,175299.539,168691.164,162082.788,155474.413,157019.499,178505.999,199992.499,221478.999,226319.65,208716.699,191113.748,173510.797,161931.197,178404.147,183894.096,189384.046,194873.996,185883.747,185202.498,184521.249,183840,163299.7,145351.199,127402.698,109454.198,109371.997,122249.247,136006.997,149764.747,163522.497,139213.746,133612.497,128011.248,122409.999,137246.099,128555.599,119865.099,111174.599,107236,113751.998,116740.998,119729.998,122718.997,113218.998,106195.999,99172.999,102505.249,108520.248,115585.248,122650.248,119359.998,119359.998,124478.748,129597.498,134716.247,139834.997,150839.998,161844.998,172849.999,183855,162346.65,140838.3,119329.949,97821.599,97821.599,93903.449,89985.3,86067.15,82149,80076.25,78003.5,75930.75,73858,69570.3,65282.599,60994.899,56707.198,56707.198,70104.649,83502.099,96899.549,110296.999,116096.749,121896.499,127696.249,133495.999
GM108-670-A2,,,GeForce 940MX,MB,M108,CH,Raw Forecast,SalesOpps,,,,,,,,,,,,,,,,,,,,,,,,,,,,,,,,,,,,,,,,,,,,,,,,,,,,,,,,,,,214251,237452,206039,209874,225825,227750,244907,173941,182875,196199,213548,231538,216803,210688,191915,197288,210571,200983,181026,160647,145983,159751,145946,156704,203061,214518,209433,238855,223123,177852,182353,153040,113078,106609,140599,90633,102206,105544,129373,115730,114676,109838,124342,114627,113556,108024,116760,152487,154105,174714,198147,176578,238867,222639,140655,126550
GM108-670-A2,,,GeForce 940MX,MB,M108,CH,Raw Forecast,RollingDemand,188968,304486,287965,314000,387101,406255,293773,320026,341517,374329,370728,349132,353826,318064,387278,430083,447778,412182,163486,227504,263647,233212,218539,141862,175612,171811,186411,152796,259990,219966,319950,200666,162534,226245,272401,229765,157679,192689,212161,181912,129399,139537,157728,150748,157741,188260,213973,176023,199407,143569,157087,128125,113176,113200,85842,157504,156960,181355,142243,173190,148871,157269,166165,159154,168133,102075,97814,117087,142123,157276,168497,159185,137968,138108,147583,151435,146627,142178,140761,159751,137914,141471,179907,182650,176224,210522,200179,161908,175308,148320,109810,102435,128419,73976,82173,77886,100659,84953,81272,74911,88194,77890,75785,71198,71206,90051,91071,122353,165107,153789,215413,189955,98755,89030
GM108-670-A2,,,GeForce 940MX,MB,M108,CH,Raw Forecast,ChannelInv,,,,,,,,,,,,,,,,,,,,,,,,,,,,,,,,,,,,,,,,,,,,,,,,,,,,,,,,,,,,,,,,,,,,,,,,,,,,,,,,,,,,,,,,,,,,,,,,,,,,,,,,,,,,,,,,,,
GP108-651-A1,,,GeForce MX250,MB,P108,CH,Raw Demand,Demand,700,700,1455,1381,1377,1497,1052,1233,1764,2462,3244,2885,2199,3692,3248,4452,5151,3764,4464,5594,6150,8861,23195,21481,56000,55845,55887,71128,69573,73553,105253,146223,207231,236024,219108,351684,351202,368302,436718,286955,345197,319563,383110,468181,432079,495518,427027,416023,386015,362664,328401,336815,376432,324686,449824,535097,545396,638853,613846,581197,639469,682802,661409,533393,584787,669873,557197,878918,798789,736422,1042218,842998,1040433,1014720,1129790,1015344,715127,733378,497154,457932,361119,238185,286408,394729,520593,453829,391772,337441,195717,283495,222568,227892,258149,393157,633599,643567,635554,610945,391754,348727,151624,155013,150763,163801,147588,156211,172129,186518,209700,214477,152153,129001,102819,54519
GP108-651-A1,,,GeForce MX250,MB,P108,CH,Raw Forecast,BUF,,,,,,,,,,,,2,4,6,8,6,200.5,395,589.5,9602,11682,13762,15514.25,26448.95,44119.65,61790.35,79788.8,79788.8,112159.6,141708.65,171257.7,200806.75,222065.5,248716.25,275367,302017.75,315609.8,346052.6,376495.4,406938.2,426359.2,400342.4,398946.85,397551.3,396155.75,411988.25,384581.75,357175.25,329768.75,293451.25,279344.7,265238.15,251131.6,254724.8,296996.35,374945.65,452894.95,530844.25,533291.5,534486.75,535682,536877.25,540931.85,589553.5,638175.149,686796.799,765789.598,723686.198,770294.549,816902.899,863511.25,882879,831893.5,780908,822637.75,775706,710415.75,645125.5,487120,487120,484177.25,481234.499,478291.748,475348.998,426082.998,376816.999,327550.999,278284.999,243144.549,208004.099,172863.649,137723.199,137723.199,257436.899,377150.6,496864.3,616578,497555.75,378533.5,259511.25,140489,135641.55,130794.099,125946.649,121099.198,121099.198,132321.398,143543.598,154765.798,165987.998,154684.498,143380.999,132077.5,120774
GP108-651-A1,,,GeForce MX250,MB,P108,CH,Raw Forecast,JFF,,,,,,,,,,,,2,4,6,8,6,200.5,395,589.5,3352,5432,7512,9264.25,26448.949,44119.648,61790.348,79788.797,79788.797,112159.597,141708.647,171257.697,200806.747,222065.497,248716.247,275366.998,302017.748,315609.798,346052.599,376495.399,406938.2,426359.2,400342.399,398946.848,397551.298,396155.747,411988.247,384581.998,357175.749,329769.5,306251.8,292145,278038.199,263931.399,254724.798,309496.349,390385.648,471274.948,552164.248,540111.499,534362.999,528614.499,522865.999,528920.599,581545.999,634171.399,686796.798,765789.598,656186.198,689217.299,722248.399,755279.5,829647.25,792238.999,754830.749,810137.749,771985.999,702975.749,633965.499,472239.999,472239.999,462742.249,453244.498,443746.748,434248.997,394382.748,354516.498,314650.249,274784,239860.6,204937.2,170013.8,135090.4,135090.4,254837.05,374583.7,494330.349,614076.999,495680.249,377283.5,258886.75,140490,136122.3,131754.599,127386.899,123019.198,123019.198,133761.649,144504.099,155246.55,165989,154685.25,143381.5,132077.75,120774
GP108-651-A1,,,GeForce MX250,MB,P108,CH,Raw Forecast,SalesOpps,,,,,,,,,,,,,,,,,,,,,,,,,,,,,,,,,,,,,,,,,,,,,,,,,,,,,,,,,,,799742,755576,727844,772231,915579,935079,1075607,1272515,1366316,1432870,1400912,1226844,1233013,1265186,1191480,1190644,997941,1099750,799649,880189,629551,564108,467496,349748,401181,485981,530704,498891,420337,327410,175266,170828,156948,161555,299587,264894,337265,731218,676313,646415,394586,397667,207738,166788,164690,149706,155984,183106,204563,233077,250781,227908,162425,111278,90091,74955
GP108-651-A1,,,GeForce MX250,MB,P108,CH,Raw Forecast,RollingDemand,,,,700,,796,648,696,120,1360,1461,1595,1618,942,302,2591,2841,1092,2792,2583,3010,4102,5841,8051,40345,51780,43215,81268,74254,106278,139398,173640,149421,252847,268562,212232,310685,385298,471169,297333,371921,363927,313346,456946,384723,473020,462716,421619,400833,390676,361869,305454,311654,329065,316951,411098,503496,601023,586496,570276,558099,616930,727613,679745,735550,810384,835306,939693,986881,940000,1060995,1106806,1047112,1052137,856195,969579,692397,792885,577637,544454,450225,336196,378321,452882,494681,467890,394899,311244,168445,165896,149228,144244,181924,142689,216646,605892,644775,613405,361030,366850,175959,138456,133919,125885,139787,169598,195491,225830,240666,212658,145562,93057,69629,54519
GP108-651-A1,,,GeForce MX250,MB,P108,CH,Raw Forecast,ChannelInv,,,,,,,,,,,,,,,,,,,,,,,,,,,,,,,,,,,,,,,,,,,,,,,,,,,,,,,,,,,,,,,,,,,,,,,,,,,,,,,,,,,,,,,,,,,,,,,,,,,,,,,,,,,,,,,,,,
ODNX10-R-A1,,,Mariko - Nintendo,HH,T214,CH,Raw Demand,Demand,,,,,300,3500,3500,3500,3200,,,52800,116800,908300,1699500,1646700,1582700,791200,300,300,300,300,,,,,100,3100,3100,3100,3000,,,,,,,105600,107200,107200,107200,91200,1390400,1390400,2420800,2331200,2628800,3531500,2501100,2501100,2542700,2368000,2888000,2888000,1686500,2507300,2686500,3942500,4529600,3907200,3902400,3243200,3048000,2121600,1828800,1249600,419200,1016000,1105600,1297600,1468800,877462,879062,1123862,1533462,1528100,1246500,995300,864100,1049600,944000,835200,467200,483200,728000,897700,1038500,1481700,1726500,2236800,2643200,2756800,3112000,2337600,2659300,2756900,2124900,2600100,2164800,2152000,2179300,1704100,1188900,1648100,2572800,2572800,3792000,3512000,2705600,3406400,2900700,2588700,2870300,2889500
ODNX10-R-A1,,,Mariko - Nintendo,HH,T214,CH,Raw Forecast,BUF,,,800,1600,2400,3200,2400,1600,800,,23360,363200,703040,1042880,1359360,1019520,679680,339840,,,,,,,,,,,,,,,,,,,21120,42560,64000,85440,85760,669520,1253280,1837040,2420800,2440800,2460875,2480950,2501025,2407025,2359350,2311675,2264000,2310400,2970800,3631200,4291600,4952000,4480000,4260400,4040800,3821200,3258400,2609280,1960160,1311040,1477120,1325840,1323760,1321680,1319600,1483600,1498400,1513200,1529365.5,1442405.5,1355445.5,1268485.5,1180160,1180160,1159520,1138880,1118240,1097600,1099600,1101600,1103600,1105600,1570640,2035680,2500720,2965760,2965760,2874320,2782880,2691440,2600000,2494800,2389600,2284400,2179200,2392800,2606400,2820000,3033600,3033600,3126800,3220000,3313200,3406400,3276400,3146400,3016400,2886400
ODNX10-R-A1,,,Mariko - Nintendo,HH,T214,CH,Raw Forecast,JFF,160,160,920,1730,2540,3350,2550,1700,850,,339840,679680,1019520,1359360,1359360,1019520,679680,339840,,,,,,,,,,,,,,,,,,,21120,42560,64000,85440,85760,669520,1253280,1837040,2420800,2440800,2460875,2480950,2501025,2407025,2359350,2311675,2264000,2310400,2970800,3631200,4291600,4952000,4480000,4260400,4040800,3821200,3258400,2609280,1960160,1311040,1477120,1325840,1323760,1321680,1319600,1483600,1498400,1513200,1529365.5,1367405.5,1205445.5,1043485.5,880160,880160,781670,683180,584690,486200,641050,795900,950750,1105600,1570640,2035680,2500720,2965760,2965760,2874320,2782880,2691440,2600000,2494800,2389600,2284400,2179200,2392800,2606400,2820000,3033600,3033600,3127550,3221500,3315450,3409400,3278650,3147900,3017150,2886400
ODNX10-R-A1,,,Mariko - Nintendo,HH,T214,CH,Raw Forecast,SalesOpps,,,,,,,,,,,,,,,,,,,,,,,,,,,,,,,,,,,,,,,,,,,,,,,,,,,,,,,,,,,4212800,4195200,4416000,4044800,3048000,2121600,2140800,1846400,419200,1016000,986967,1340449,1534399,962877,970748,1232828,1329345,1636605,1147867,1392167,943400,1267700,1284800,1286400,467200,750400,992000,897600,1038400,1105600,1726500,2473600,3124800,3152000,3112000,2337600,2659200,2756800,2124900,2600100,2164800,1990400,2179200,1704100,1188900,1648100,2572800,3792000,3792012,3836825,2705639,3406455,2897660,2585664,2867367,2889568
ODNX10-R-A1,,,Mariko - Nintendo,HH,T214,CH,Raw Forecast,RollingDemand,200,200,,,,3500,3500,3500,3200,,,51200,116800,908000,1699200,1646700,1582700,791200,,300,300,300,,,,,,100,3100,3100,3000,,,,,,,105600,107200,107200,107200,1600,1390400,1390400,2420800,2331200,2628800,3531500,2501100,2501100,3270700,2656000,2888000,2888000,1248000,2507300,1987300,4952100,4212800,4195200,4416000,4044800,3048000,2121600,2140800,1846400,419200,1016000,964800,1297600,1468800,872000,873600,1123862,1221462,1528000,1035200,1291200,864100,1214400,1264000,1286400,467200,750400,992000,897600,1038400,1105600,1726500,2473600,3124800,3152000,3112000,2337600,2659200,2756800,2124900,2600100,2164800,1990400,2179200,1704100,1188900,1648100,2572800,3792000,3792000,3836800,2705600,3406400,2897600,2585600,2867300,2889500
ODNX10-R-A1,,,Mariko - Nintendo,HH,T214,CH,Raw Forecast,ChannelInv,,,,,,,,,,,,,,,,,,,,,,,,,,,,,,,,,,,,,,,,,,,,,,,,,,,,,,,,,,,,,,,,,,,,,,,,,,,,,,,,,,,,,,,,,,,,,,,,,,,,,,,,,,,,,,,,,,
T124XB-P1-A1,,,T124 VCM TK1,EA,T124,CH,Raw Demand,Demand,15940,8740,9320,22180,22180,22180,23904,23040,34848,55008,58752,60480,48672,61344,62784,59040,75744,60480,44352,41472,24768,7807,42943,53311,70879,70272,53070,35524,39268,39268,43046,43024,79024,97168,75456,131861,78336,60192,60192,48517,56836,108676,108676,93312,81206,29366,34262,46080,68832,68832,105984,64800,60768,73728,31680,41760,33120,38016,55872,61344,69120,70560,64512,76608,58752,56160,63360,54432,73728,69408,67968,64512,60480,48096,39744,24480,24480,39744,49248,49248,64512,79776,79776,98496,89799,80871,72231,53511,31680,43776,48672,48672,48672,14976,,14976,19296,31392,43488,49248,44928,46944,47808,44640,44640,30528,33120,15552,28224,37728,22176,22176,21024,20160

T124XB-P1-A1,,,T124 VCM TK1,EA,T124,CH,Raw Forecast,BUF,24768,22118.4,22132.8,22147.2,22161.6,22176,22392,22608,22824,23040,32428.8,39456,46483.2,53510.4,51148.8,53481.6,47390.4,41299.2,35208,26280,21535.75,16791.5,12047.25,19909.65,32012.3,44114.95,56217.6,56217.6,54547.2,55612.8,56678.4,57744,66368,70212,74056,77900,77743.2,68349.4,58955.6,49561.8,38280.8,52038.6,65796.4,79554.2,93312,79848,61200,42552,23904,35236.8,42710.4,50184,57657.6,48614.4,50140.8,48427.2,46713.6,45000,50544,52920,55296,57672,56073.6,51148.8,46224,41299.2,31564.8,42105.6,43718.4,45331.2,46944,43632,46152,48672,46800,39628.8,35553.6,31478.4,31795.2,31795.2,35294.4,38793.6,42292.8,45792,45144,44496,43848,43200,46627.2,50054.4,53481.6,56908.8,56908.8,42681.6,28454.4,14227.2,,6264,12528,18792,25056,26452.8,27849.6,29246.4,30643.2,30643.2,26870.4,23097.6,19324.8,15552,21528,27504,33480,39456
T124XB-P1-A1,,,T124 VCM TK1,EA,T124,CH,Raw Forecast,JFF,24768,22118.4,22132.8,23397.2,24661.6,25926,27642,26608,25574,24540,32428.8,39456,46483.2,53510.4,51148.8,53481.6,49412.4,45343.2,41274,34368,31494,28620,21853.75,30807.95,42132.15,53456.35,68672.8,68672.8,63888.6,61840.4,59792.2,57744,60118,63962,67806,71650,77743.2,68349.4,58955.6,49561.8,38280.8,43470.35,49559.9,55649.45,61739,56843.25,51047.5,45251.75,39456,38752.2,36661.4,34570.6,32479.8,31092.8,36999.6,47586.4,58173.2,68760,74304,61584,48864,36144,35141,37392.2,39643.4,41894.6,31564.8,37714.85,39327.65,40940.45,42553.25,43632,45669,47706,45834,38662.8,35070.6,31478.4,31795.2,31795.2,35294.4,38793.6,42292.8,45792,45144,44496,43848,43200,39194,35188,31181.999,27175.999,27175.999,20381.999,13588,6794,,6264,12528,18792,25056,24786.402,24516.804,24247.206,23977.608,23977.608,21871.206,19764.804,17658.402,15552,21528,27504,33480,39456
T124XB-P1-A1,,,T124 VCM TK1,EA,T124,CH,Raw Forecast,SalesOpps,,,,,,,,,,,,,,,,,,,,,,,,,,,,,,,,,,,,,,,,,,,,,,,,,,,,,,,,,,,56593,58947,61443,50500,45520,45870,38704,45723,32315,24689,45474,51089,55336,48081,45141,45771,41081,21418,2922,10789,15264,30528,45849,40004,27247,78056,75004,58922,61719,64694,51817,32693,31709,45317,41317,35377,25954,17036,23699,40654,47750,38812,40925,43341,24391,19245,31205,27145,17077,15145,27453,30226,26752,35299,35116,35252
T124XB-P1-A1,,,T124 VCM TK1,EA,T124,CH,Raw Forecast,RollingDemand,15840,8640,100,9216,9216,22176,12960,,10944,23040,23904,31968,34848,28512,29088,32832,48960,26208,26784,34272,18175,7807,7807,607,35743,52704,35136,17568,17856,17956,21334,42624,21312,21712,57312,75456,34272,60192,60192,47851,44064,86202,108666,93312,81216,29376,29366,,18720,46080,63936,43776,42048,42048,18720,31680,12960,10080,20160,27936,35712,33408,33408,37152,31104,39456,27648,16704,35712,37728,38016,31680,29952,32832,30528,15264,,9216,15264,30528,33984,18720,,45792,49248,37440,40320,43200,31680,10080,14976,33696,33696,29952,14976,,,14976,19296,16416,24192,32832,20736,14112,27072,24192,11232,6048,15552,15552,12672,22176,21024,20160
T124XB-P1-A1,,,T124 VCM TK1,EA,T124,CH,Raw Forecast,ChannelInv,,,,,,,,,,,,,,,,,,,,,,,,,,,,,,,,,,,,,,,,,,,,,,,,,,,,,,,,,,,,,,,,,,,,,,,,,,,,,,,,,,,,,,,,,,,,,,,,,,,,,,,,,,,,,,,,,,
TC780XA-P1-A2,,,T186 VCM 3.1 Parker,EA,T186,CH,Raw Demand,Demand,18316,18604,19559,20999,36583,36967,39504,31116,16492,16444,4176,19060,21588,24132,45128,32944,34204,30652,10088,17188,11528,22312,20584,29160,40388,32196,58824,53208,75040,81174,55554,67054,46726,38432,57336,33076,20344,61416,46592,52592,70092,33676,54048,48048,30548,37180,15720,20712,41852,35172,36404,49880,41316,51636,54684,40352,31088,31788,32760,30928,44748,45964,50688,76252,59120,52924,45568,35536,41488,53508,60420,52384,53208,30108,17968,11768,11252,22784,28372,40612,36512,34280,27972,20252,24584,22864,27432,43492,41000,46480,41240,17060,13060,,,,13000,13000,17020,24480,19980,19980,24960,17500,27080,27080,18080,35900,23820,30720,30720,12900,6900,3200
TC780XA-P1-A2,,,T186 VCM 3.1 Parker,EA,T186,CH,Raw Forecast,BUF,15159.2,14652.8,16376.6,19910.4,23444.2,26978,28282,26856,25430,24004,21048.2,19594.8,18141.4,16688,17270.4,22503.8,20276.2,18048.6,15821,11248,11608,11968,15024,16485.2,20474.4,24463.6,25756.8,25756.8,36287.1,39785.4,43283.7,46782,43373.5,36727,30080.5,23434,21827.4,29054.6,36281.8,43509,42072.8,41774.6,38893.4,36012.2,33131,28652,24945,21238,17531,23650,27221.6,30793.2,34364.8,30006.4,35159.8,30762.2,26364.6,21967,21746,25406,29066,32726,31060,34285.6,37511.2,40736.8,39958.4,44763.8,45320.2,45876.6,46433,41430,39419,37408,31005.5,27046.3,24344.1,21641.9,23331.2,23331.2,20531.4,17731.6,14931.8,12132,13926,15720,17514,19308,21713,24118,26523,28928,28928,21696,14464,7232,,2870,5740,8610,11480,14026,16572,19118,21664,21664,22203,22742,23281,23820,20390,16960,13530,10100
TC780XA-P1-A2,,,T186 VCM 3.1 Parker,EA,T186,CH,Raw Forecast,JFF,15159.2,14652.8,16376.6,18660.4,20944.2,23228,23282,23106,22930,22754,21048.2,19594.8,18141.4,16688,17270.4,22503.8,21942.95,21382.1,20821.25,17914.75,19941.332,21967.915,23357.165,25551.865,28607.732,31663.6,35356.8,35356.8,38068.35,39166.65,40264.95,41363.25,43373.5,36727,30080.5,23434,21827.4,32454.6,43081.8,53709,55672.8,48188.6,41907.4,35626.2,29345,28652,24945,21238,17531,23650,29261.6,34873.2,40484.8,38166.4,38068.8,35241.2,32413.6,29586,32576,34876,37176,39476,37810,42185.6,46561.2,50936.8,53558.4,52838.8,50901.45,48964.1,47026.75,45055,44687.75,44320.5,37011.75,36146.3,34894.1,33641.9,39331.2,39331.2,32531.4,25731.6,18931.8,12132,13926,15720,17514,19308,21713,24118,26522.999,28927.999,28927.999,21695.999,14464,7232,,2870,5740,8610,11480,14026,16572,19118,21664,21664,22203,22742,23281,23820,20390,16960,13530,10100
TC780XA-P1-A2,,,T186 VCM 3.1 Parker,EA,T186,CH,Raw Forecast,SalesOpps,,,,,,,,,,,,,,,,,,,,,,,,,,,,,,,,,,,,,,,,,,,,,,,,,,,,,,,,,,,27321,31194,30094,31935,27558,42053,63051,55063,47037,29245,41938,33061,48988,44469,50840,35037,24003,15145,14284,24012,31535,31766,26066,28599,33700,22111,27052,24828,30743,26956,43649,39653,56085,30673,33990,27840,0,0,0,11892,13000,17020,11480,19980,15960,17500,18000,27080,29900,29900,17820,23820,30720,12900,6900,3200
TC780XA-P1-A2,,,T186 VCM 3.1 Parker,EA,T186,CH,Raw Forecast,RollingDemand,16876,17020,8532,12376,22772,28116,25740,25340,14620,14668,1872,2880,2304,16180,19284,10304,25844,24992,8360,5660,8628,11528,9800,10784,10784,18376,29604,13820,23220,45052,45820,45734,28762,25268,36992,13164,20344,34100,26952,41504,52592,28588,28588,35588,30548,25460,11720,15720,15720,8992,26132,26180,24252,29916,36584,32760,23448,12416,19668,25072,25312,27056,22256,34408,52152,41844,35540,17700,32560,27096,42088,39032,44992,28332,16576,6776,4992,12212,21392,24172,19712,24980,27300,13572,18092,15284,22192,19312,37000,33420,51640,27460,32160,27840,,,,13000,13000,17020,11480,19980,15960,17500,18000,27080,29900,29900,17820,23820,30720,12900,6900,3200
TC780XA-P1-A2,,,T186 VCM 3.1 Parker,EA,T186,CH,Raw Forecast,ChannelInv,,,,,,,,,,,,,,,,,,,,,,,,,,,,,,,,,,,,,,,,,,,,,,,,,,,,,,,,,,,,,,,,,,,,,,,,,,,,,,,,,,,,,,,,,,,,,,,,,,,,,,,,,,,,,,,,,,
TC780XA-P2-A2,,,NTG6 VCM3.1 w/ Micron memory,EA,T186,CH,Raw Demand,Demand,,,,,,,,,,,,,,,,,,,,,,,,,,,,,,,,,,,,,,,,,,,,,,,,,,,,,,,,123,123,200,1400,1277,1138,1114,1277,1048,531,1138,975,975,746,,339,500,500,500,161,,,,624,624,624,624,672,1121,1621,1872,1200,751,1871,11040,11040,15780,14160,4740,4740,,,,5140,11340,18040,28960,40440,34240,37420,26500,9880,9880,6940,7140,7140,9480,10860,31440
TC780XA-P2-A2,,,NTG6 VCM3.1 w/ Micron memory,EA,T186,CH,Raw Forecast,BUF,,,,,,,,,,,,,,,,,,,,,,,,,,,,,,,,,,,,,,,,,,,,,,,,,,,,,,,,,,,,,,,,227.6,455.2,682.8,910.4,682.8,580.2,477.6,375,375,250,125,40.25,40.25,40.25,40.25,,,228,456,684,912,924,936,948,960,3220,5480,7740,10000,10000,7500,5000,2500,,2605,5210,7815,10420,15299,20178,25057,29936,29936,24187,18438,12689,6940,12345,17750,23155,28560
TC780XA-P2-A2,,,NTG6 VCM3.1 w/ Micron memory,EA,T186,CH,Raw Forecast,JFF,,,,,,,,,,,,,,,,,,,,,,,,,,,,,,,,,,,,,,,,,,,,,,,,,,,,,,,,,,,,,,,,195,390,585,780,585,515,445,375,375,250,125,40.25,40.25,40.25,40.25,,,228,456,684,912,924,936,948,960,3220,5480,7740,10000,10000,7500,5000,2500,,2605,5210,7815,10420,16349,22278,28207,34136,34136,27337,20538,13739,6940,12345,17750,23155,28560
TC780XA-P2-A2,,,NTG6 VCM3.1 w/ Micron memory,EA,T186,CH,Raw Forecast,SalesOpps,,,,,,,,,,,,,,,,,,,,,,,,,,,,,,,,,,,,,,,,,,,,,,,,,,,,,,,,,,,1400,1277,1277,1277,1277,1277,1277,1474,1311,1311,1082,,500,500,500,500,161,,,,,,1125,1845,1842,2395,3098,2988,2031,1269,525,1620,12046,12046,11986,6117,6792,2052,2052,4861,3620,8720,13320,13140,23900,34180,30800,26500,13388,16504,8783,17579,15080,15093,15103,34596
TC780XA-P2-A2,,,NTG6 VCM3.1 w/ Micron memory,EA,T186,CH,Raw Forecast,RollingDemand,,,,,,,,,,,,,,,,,,,,,,,,,,,,,,,,,,,,,,,,,,,,,,,,,,,,,,,,,,200,1400,1277,1277,1277,1277,1277,1277,1138,975,975,746,,500,500,500,500,161,,,,,,624,960,672,912,1872,1872,1200,751,251,1620,10940,10940,10880,4200,4740,,,3620,3620,8720,13320,13140,23900,34180,30800,26500,9880,9880,,6920,7140,9480,10860,31440
TC780XA-P2-A2,,,NTG6 VCM3.1 w/ Micron memory,EA,T186,CH,Raw Forecast,ChannelInv,,,,,,,,,,,,,,,,,,,,,,,,,,,,,,,,,,,,,,,,,,,,,,,,,,,,,,,,,,,,,,,,,,,,,,,,,,,,,,,,,,,,,,,,,,,,,,,,,,,,,,,,,,,,,,,,,,
TU102-300A-K1-A1,,,RTX2080 Ti - OC,DT,U102,CH,Raw Demand,Demand,,80,1700,49771,56808,65901,60418,77598,76710,84942,95065,102069,105465,80649,110934,95304,99191,85370,75003,65145,78365,75795,92482,82121,76463,102209,101768,92484,102722,73172,54342,56783,30710,43305,47975,53092,42932,41305,42055,37560,27108,23214,18776,22252,15436,13485,16229,19608,17608,12909,10156,10046,11146,15095,16205,12410,13800,11952,40612,49638,49248,49774,64826,51350,44739,40249,18204,27235,48027,49221,58395,48518,51905,62153,65815,66951,69651,78011,82398,61098,37516,55335,51858,58798,57414,31910,53522,57742,66044,82214,72347,82397,61810,68025,52625,52725,61975,52306,56750,40785,26580,18476,22777,21559,15956,16236,17550,25862,22178,22295,18001,16001,15262,9680
TU102-300A-K1-A1,,,RTX2080 Ti - OC,DT,U102,CH,Raw Forecast,BUF,,,,12025,24050,36075,42875,46080.75,49286.5,52492.25,55262.25,56969.5,58676.75,60384,67752,60781.5,62427.25,64073,65718.75,67055,64542.5,62030,54332.5,57038.75,54977.5,52916.25,56040,56040,51467.5,47444.5,43421.5,39398.5,35398.5,36974,38549.5,40125,38947.5,33608.4,28269.3,22930.2,24893.6,24720.2,23810.55,22900.9,21991.25,22041.25,22378.75,22716.25,23053.75,21105.55,19374.5,17643.45,15912.4,15680.8,16605.1,15309.9,14014.7,12719.5,11150,21156.5,31163,41169.5,39094.5,33982,28869.5,23757,30076,25832,28586.5,31341,34095.5,33145.5,30609.25,28073,29985.75,36500.75,37603.5,38706.25,35360,35360,37895,40430,42965,45500,43557.5,41615,39672.5,37730,34758.3,31786.6,28814.9,25843.2,25843.2,31613.65,37384.1,43154.55,48925,42393.75,35862.5,29331.25,22800,20420,18040,15660,13280,13280,12971,12662,12353,12044,9883,7722,5561,3400
TU102-300A-K1-A1,,,RTX2080 Ti - OC,DT,U102,CH,Raw Forecast,JFF,,,,1875,3750,5625,10375,17640.75,24906.5,32172.25,38632.25,43496.5,48360.75,53225,56020,48302.5,38972.5,29642.5,20312.5,26212.5,34325,42437.5,50016.25,61784.95,72953.65,84122.35,95824.8,95824.8,74081.1,57337.4,40593.7,23850,30200,31550,32900,34250,32447.5,32061.2,31674.9,31288.6,32704.8,26728.6,25802.4,24876.2,23950,29650,29200,28750,28300,25852,26862,27872,28882,31240,28599.5,26839.5,25079.5,23319.5,26200,28325,30450,32575,31365,27590.4,23815.8,20041.2,17601.6,23151.2,28050.8,32950.4,37850,43175,49375,55575,58050,53675,49074.999,44474.999,43599.999,43599.999,40399.999,37200,34000,30800,27275,23750,20225,16700,15905.4,15110.8,14316.2,13521.6,13521.6,18841.2,24160.8,29480.4,34800,26925,19050,11175,3300,4935,6570,8204.999,9839.999,9839.999,9204.999,8570,7935,7300,6325,5350,4375,3400
TU102-300A-K1-A1,,,RTX2080 Ti - OC,DT,U102,CH,Raw Forecast,SalesOpps,,,,,,,,,,,,,,,,,,,,,,,,,,,,,,,,,,,,,,,,,,,,,,,,,,,,,,,,,,,28605,27615,26619,62606,61225,47274,50730,54535,39790,41784,48494,44370,56620,54745,47928,52518,55642,59454,69513,70219,75376,59700,41642,42824,59656,69982,61316,37299,41860,33824,37482,49806,42054,67329,87284,83622,85838,77134,68612,59921,59847,37378,23228,18100,18277,23810,23435,22559,17535,17952,20538,18594,18700,16001,15262,9680
TU102-300A-K1-A1,,,RTX2080 Ti - OC,DT,U102,CH,Raw Forecast,RollingDemand,1278,1278,8278,36256,37086,69898,99319,105251,112386,119839,121138,103174,107139,100151,100856,97522,112545,118875,82265,84403,91125,93322,84149,90819,81619,94914,99790,89109,94967,69970,52977,41031,12725,18893,39163,43948,41070,35603,34513,33028,27250,19392,16947,18947,12895,15300,14629,13858,17058,12709,9156,6501,7401,8585,10185,12400,12500,8500,4822,8012,12148,53274,56726,42600,41300,37304,23849,25419,36519,40859,52709,52194,46100,48248,51105,54681,64240,66952,72776,57900,37836,36711,50618,57618,50574,29100,36300,31140,35782,48170,37913,59452,71435,68085,72925,68225,67875,59150,59243,36956,23006,18100,18277,23677,22000,21124,16100,16650,20538,18594,18700,16001,15262,9680
TU102-300A-K1-A1,,,RTX2080 Ti - OC,DT,U102,CH,Raw Forecast,ChannelInv,1187,1187,1187,1187,1187,1225,1225,1225,895,0,0,0,0,0,0,0,0,0,0,0,1301,11449,17269,28474,37437,50060,65351,82233,96861,116851,140613,148097,180189,207936,235913,259540,298526,339335,390001,438746,492571,555884,621387,688331,751190,816900,888021,956252,1021693,1096505,1167173,1239156,1315263,1375780,1444026,1504686,1567290,1619729,1682704,1741886,1801461,1852525,1901756,1951298,2000680,2041638,2092280,2135902,2178614,2220672,2273528,2331687,2383468,2438984,2484173,2527668,2573330,2621204,2673632,2731471,2779381,2824984,2879126,2934997,2991368,3040759,3090729,3144546,3203148,3255699,3312802,3376907,3439958,3500612,3556626,3604976,3656973,3711189,3767389,3824377,3879665,3932848,3989814,4034843,4081271,4119445,4149076,4176140,4203572,4227362,4248726,4270684,4286078,4286081
TU104-410-A1,,,RTX2070 Super,DT,U104,CH,Raw Demand,Demand,,,,,,,,,,,,,,,,,,,,,,,,,,,,,,,,,,,,,,,,,,,,401,425,530,1553,2379,31425,59350,96608,147906,146286,217001,201350,193530,199295,173655,196245,206065,208750,286113,250855,190015,191965,134627,60560,175415,184605,252175,304215,234387,277274,211474,179808,149881,124644,106896,106252,87852,87622,101660,101735,117740,98670,103135,136610,185446,184016,158166,142600,94901,93311,141512,177626,248152,273783,260142,238754,202057,188987,202525,209692,278773,309134,293822,298073,213691,223642,265394,226394,217981,190753,151148
TU104-410-A1,,,RTX2070 Super,DT,U104,CH,Raw Forecast,BUF,,,,,,,,,,,,,,,,,,,,,,,,,,,,,,,,,,,,,,,,,,,,,,,3750,7500,11250,14250,38874,63498,88122,113496,106097,97598,89099,80600,84375,117417.5,150460,183502.5,184907.5,159806,134704.5,109603,111264,118248,135982,153716,171450,173650,168970,164290,157888,136692,111626,86560,63216,63216,86468.25,109720.5,132972.75,156225,150725,145225,139725,134225,119252.75,104280.5,89308.25,74336,74336,92549.5,110763,128976.5,147190,147373.75,147557.5,147741.25,147925,162333.75,176742.5,191151.25,205560,205560,207948.5,210337,212725.5,215114,164386,113658,62930,12202
TU104-410-A1,,,RTX2070 Super,DT,U104,CH,Raw Forecast,JFF,,,,,,,,,,,,,,,,,,,,,,,,,,,,,,,,,,,,,,,,,,,,,,31250,73750,116250,158750,187500,210266,233032,255798,261064,239898,220007,200116,180225,182625,180817.5,179010,177202.5,180017.7,165282.2,150546.7,135811.2,115328,139046,159464,179881.999,200299.999,191749.999,185849.999,179949.999,157140.499,138540.5,120590.499,102640.499,101599.999,101599.999,108506.499,115413,122319.5,129226,133976,138726,143476,148226,138883.9,129541.8,120199.7,110857.6,110857.6,120225.7,129593.8,138961.899,148329.999,138303.999,128277.999,118251.999,108225.999,123641.499,139056.999,154472.499,169887.999,169887.999,175044.499,180201,185357.5,190514,143636,96758,49880,3002
TU104-410-A1,,,RTX2070 Super,DT,U104,CH,Raw Forecast,SalesOpps,,,,,,,,,,,,,,,,,,,,,,,,,,,,,,,,,,,,,,,,,,,,,,,,,,,,,,,,,,,214569,176987,283215,286990,281338,226256,248442,208625,177370,201576,221658,225462,271984,206324,236302,202475,164005,156837,123654,105718,96404,93104,91584,130367,182800,216709,173965,150772,169045,149702,147823,130798,120985,103477,121716,127861,138252,200986,164363,175249,149163,120418,190269,197801,213631,287712,319629,311273,272581,217075,191192,247191,253752,251881,195753,151148
TU104-410-A1,,,RTX2070 Super,DT,U104,CH,Raw Forecast,RollingDemand,,,,,,,,,,,,,,,,,,,,,,,,,,,,,,,,,,,,,,,,,,,,,,,400,10,790,3083,17157,71530,95266,97236,140750,148825,153545,92035,99795,69140,191435,213090,217845,179865,192615,138847,117980,126230,153715,173385,212655,165830,211509,184609,148559,142724,108153,91484,87002,86102,71772,97730,132555,147780,102416,79625,102410,93505,105456,96356,98356,84080,87849,89121,92567,154694,135283,155542,133934,104508,171217,182325,201375,281411,295134,287202,247963,192221,189532,245531,253169,251881,195753,151148
TU104-410-A1,,,RTX2070 Super,DT,U104,CH,Raw Forecast,ChannelInv,,,,,,,,,,3,3,3,3,3,3,3,156,156,156,156,156,156,156,156,156,156,156,899,1687,1787,2164,2164,2180,2180,2180,2202,2205,2208,2212,2212,2212,2214,2214,2214,2214,2373,2375,2379,2382,2420,2425,2683,16958,43188,53727,71659,95449,137949,179705,242923,312506,379903,481112,587438,736447,875081,1042576,1210529,1371094,1529737,1700739,1895948,2078171,2294986,2479925,2682987,2892642,3126749,3384360,3654598,3901093,4137111,4367866,4617931,4848670,5043270,5211923,5372741,5554819,5726824,5896837,6083856,6257643,6438871,6593086,6742214,6901196,7084649,7275750,7448990,7598668,7733021,7870045,7978253,8095664,8231234,8354170,8469239,8574249,8665536,8749800,8835577,8929445,8929483
TU106-410-A1,,,RTX2060 Super,DT,U106,CH,Raw Demand,Demand,,,,,,,,,,,,,,,,,,,,,,,,,,,,,,,,,,,,,,,,,,,,415,425,530,1625,3550,44290,89935,136321,210319,204110,202372,191630,153767,148969,122061,131621,111662,114452,132314,129030,97904,102145,83063,52310,82158,70219,71021,94614,93008,111408,121218,127221,112566,96381,87002,80789,53979,55985,48928,60212,76623,89709,101571,113521,143115,121385,115075,106810,88375,79875,115389,131712,130258,191180,148831,175716,190988,182006,173335,225540,248927,290832,270362,309065,350283,382899,397199,383728,385393,388713,390013
TU106-410-A1,,,RTX2060 Super,DT,U106,CH,Raw Forecast,BUF,,,,,,,,,,,,,,,,,,,,,,,,,,,,,,,,,,,,,,,,,,,,,,,5000,10000,15000,19000,51108,83216,115324,148432,138449,121841,105233,88625,81925,84750,87575,90400,87195,75919,64643,53367,48196,60492,64643,68794,72945,66817.5,66523.25,66229,78852.5,66515,56489.25,46463.5,23520,23520,41161.5,58803,76444.5,94086,90649.5,87213,83776.5,80340,74599.8,68859.6,63119.4,57379.2,57379.2,69284.4,81189.6,93094.8,105000,104435,103870,103305,102740,106913.8,111087.6,115261.4,119435.2,119435.2,167412.65,215390.1,263367.55,311345,251953.75,192562.5,133171.25,73780
TU106-410-A1,,,RTX2060 Super,DT,U106,CH,Raw Forecast,JFF,,,,,,,,,,,,,,,,,,,,,,,,,,,,,,,,,,,,,,,,,,,,,,,33750,67500,101250,137250,154160,171070,187980,202640,177855,153570,129285,105000,105675,99725,93775,87825,82315,75135.2,67955.4,60775.599,52980.799,73705.599,83160.399,92615.199,102069.999,90442.499,90110.999,89779.499,88816.999,77494.5,66145.999,54797.499,44079.999,44079.999,49956.499,55832.999,61709.499,67585.999,71524.499,75462.999,79401.499,83339.999,80133.799,76927.6,73721.4,70515.2,70515.2,68261.4,66007.6,63753.8,61500,67415,73330,79244.999,85159.999,86046.799,86933.599,87820.399,88707.199,88707.199,93404.399,98101.6,102798.8,107496,83854.5,60213,36571.5,12930
TU106-410-A1,,,RTX2060 Super,DT,U106,CH,Raw Forecast,SalesOpps,,,,,,,,,,,,,,,,,,,,,,,,,,,,,,,,,,,,,,,,,,,,,,,,,,,,,,,,,,,143270,117933,114471,144099,126962,110860,112098,99179,72381,93002,114883,132570,165437,142223,152539,137176,120387,120480,97971,81827,68686,74276,70852,73395,107287,134669,106488,115135,107793,85002,78906,92598,94498,84826,108471,125065,131756,137068,124689,94938,89264,108599,118583,115759,91271,162528,189507,281863,273940,302657,377674,376404,363393,377448,371838,390013
TU106-410-A1,,,RTX2060 Super,DT,U106,CH,Raw Forecast,RollingDemand,,,,,,,,,,,,,,,,,,,,,,,,,,,,,,,,,,,,,,,,,,,,,,,400,10,845,9155,21670,100800,139186,137936,155920,128712,108180,78064,75755,59367,67898,111469,96614,83644,86152,72335,56097,56008,58793,57160,69850,59606,79451,84474,84195,94427,80748,62613,53139,63129,55536,53318,76838,93238,64681,76776,77871,63810,66600,80230,80305,65325,71425,85349,87769,95060,98670,76196,77003,97806,110438,109949,86911,162148,174022,266458,258635,287485,377674,376404,363393,377448,371838,390013
TU106-410-A1,,,RTX2060 Super,DT,U106,CH,Raw Forecast,ChannelInv,,,,,,,,,,44,44,44,44,44,44,44,44,44,44,44,44,44,44,44,44,44,44,636,1164,1357,1467,1467,1468,1469,1469,1515,1515,1515,1517,1517,1524,1524,1524,1524,1545,1744,1744,1744,1744,1854,1855,2109,10611,55445,91959,143986,211276,311403,417977,548778,681736,822853,981682,1151968,1330417,1499173,1688205,1878866,2061803,2239734,2408881,2587820,2753385,2925911,3085113,3253023,3404001,3560266,3732213,3887386,4025025,4148166,4271920,4419000,4546803,4665200,4769345,4863387,4986038,5108881,5239967,5384533,5521503,5688537,5839969,5992211,6142439,6296295,6442468,6592570,6734918,6851542,7000554,7109717,7239021,7366103,7479983,7586858,7679094,7777904,7875577,7955902,8033946,8033987
TU116-300-A1,,,GTX1660,DT,U116,CH,Raw Demand,Demand,,,,,,,,,,,,,,,,,,,,,,,80,80,,650,310,1345,3745,1195,69189,165168,277618,382075,413911,404997,315767,238410,229160,213345,215725,188905,230365,237340,199180,221820,147599,155059,161114,142604,190850,264959,273115,315500,313020,231355,223665,204510,201815,244430,288905,429128,594279,511019,529554,455771,216710,437230,538960,550760,647690,498892,442036,444921,429489,413342,372378,344170,454912,385137,351500,375081,147487,201176,238292,275038,399918,499038,523057,561950,541770,452455,363245,489270,500595,489655,555605,476220,564545,597345,671034,628988,641241,671913,688205,602114,741266,1028877,1277278,1563228,1381876,1425680,1486136,1537936
TU116-300-A1,,,GTX1660,DT,U116,CH,Raw Forecast,BUF,,,,,,,,,,,,,,,,,,,,,,,,,,,,,,48792.5,97585,146377.5,186952.5,195245,203537.5,211830,199987,168108,136229,104350,100824,120868,142589.5,164311,186032.5,189282.5,192055,194827.5,197600,195200,199773,204346,208919,217092,202194,189588.5,176983,164377.5,158902.5,156872.5,154842.5,152812.5,142812.5,199237.8,255663.1,312088.4,384251.2,334430.9,342665.6,350900.3,359135,392492.5,350575.5,308658.5,296787.5,281851.5,284135,286418.5,258656,258656,274908.75,291161.5,307414.25,323667,310899.5,298132,285364.5,272597,303005.95,333414.9,363823.85,394232.8,394232.8,414388.35,434543.9,454699.45,474855,463239.75,451624.5,440009.25,428394,421907.5,415421,408934.5,402448,402448,549775.25,697102.5,844429.75,991757,849449.75,707142.5,564835.25,422528
TU116-300-A1,,,GTX1660,DT,U116,CH,Raw Forecast,JFF,,,,,,,,,,,,,,,,,,,,,,,,,,,,,6250,31275,56300,81325,137650,175150,212650,250150,227595,178283.2,128971.4,79659.6,52852.8,73389.6,113526.4,153663.2,193800,212300,233525,254750,275975,276325,279003,281681,284359,309012,272884,247423.5,221963,196502.5,232902.5,255872.5,278842.5,301812.5,288787.5,264725.6,240663.7,216601.799,202802.399,217219.299,273716.199,330213.1,386710,436942.5,420092,403241.5,379599.75,310933.749,267270.749,223607.749,186735.998,186735.998,179666.999,172597.999,165529,158460,208195,257930,307665,357400,352772.2,348144.4,343516.599,338888.799,338888.799,328626.599,318364.4,308102.2,297840,305522.25,313204.5,320886.749,328568.999,289876.349,251183.699,212491.049,173798.398,173798.398,241813.049,309827.699,377842.349,445856.999,431349.749,416842.5,402335.25,387828
TU116-300-A1,,,GTX1660,DT,U116,CH,Raw Forecast,SalesOpps,,,,,,,,,,,,,,,,,,,,,,,,,,,,,,,,,,,,,,,,,,,,,,,,,,,,,,,,,,,300624,316713,331476,304437,415802,427851,514432,498270,411399,455296,512469,506971,595057,563472,493784,484161,400350,404265,335426,373927,431223,387944,392579,529848,415301,488151,429992,353336,450375,359423,289889,391641,565885,573247,525490,496184,502967,510012,504684,371717,304708,358076,488984,467032,486054,606536,600500,690610,687134,848035,1156231,1302143,1340116,1407030,1476836,1537936
TU116-300-A1,,,GTX1660,DT,U116,CH,Raw Forecast,RollingDemand,,,,,,,,,,,,,,,,,,,,,,,,,,80,310,310,710,530,16200,120954,133654,169654,312464,252750,230850,179890,147090,100930,155710,165705,161175,123310,171570,179010,140295,117785,117489,93484,139385,185629,195480,330275,296665,210590,189390,133410,98570,113170,164830,185220,327925,381784,473094,415221,344350,366510,392250,396885,448315,411255,363122,375922,316611,347592,291178,325343,394795,362740,332087,437824,270454,286354,232144,164173,287023,237913,191242,314835,496075,492880,388855,348305,347965,356245,410230,294180,244630,290285,425570,404410,418680,552063,539418,641073,648014,826057,1150116,1296028,1338016,1407030,1476836,1537936
TU116-300-A1,,,GTX1660,DT,U116,CH,Raw Forecast,ChannelInv,374,374,374,374,374,374,374,374,374,374,374,374,380,380,380,395,395,395,395,395,395,395,634,634,634,634,634,634,634,634,634,634,634,2850,5549,5893,7274,7564,7649,7952,49954,131740,230126,278661,389280,540231,713565,884362,1079799,1254439,1496517,1697086,1940537,2184082,2390658,2622900,2832006,3024109,3203060,3393839,3594516,3779917,3969143,4141510,4289496,4432889,4592432,4701114,4851183,5029746,5208852,5387444,5688158,5982181,6290328,6605336,6920451,7229107,7499033,7868996,8200021,8550788,8877177,9261455,9708959,10199293,10604583,11009691,11483003,11960386,12400205,12722672,13011460,13236954,13479890,13769510,14090497,14511608,14940998,15429856,15912220,16421047,16887847,17401288,17894471,18360068,18841535,19285020,19754793,20174888,20656548,21169990,21664301,22109752
TU117-300-A1,,,GTX1650,DT,U117,CH,Raw Demand,Demand,,,,,,,,,,,,,,,,,,,,,,,,,,150,265,535,735,870,10795,53925,86552,129252,185553,200253,277826,325926,332800,331616,255916,179839,153779,142263,134938,139265,126895,116275,95945,103386,104338,107358,126727,186191,183309,175839,185609,156884,184604,186199,195580,230361,265395,209230,287296,263431,183358,280719,221263,225098,269171,234965,217227,227148,248427,194838,173109,149110,97194,84411,66931,53317,77822,112545,108377,198065,274993,339606,498395,464608,419212,309693,332962,366798,574640,565942,550351,532716,505821,442148,466903,428959,431413,444641,414416,379213,483267,525843,598169,625555,535833,543605,541653,547223
TU117-300-A1,,,GTX1650,DT,U117,CH,Raw Forecast,BUF,,,,,,,,,,,,,,,,,,,,,,,,,,,,,,16778.75,33557.5,50336.25,100536.25,136707.5,172878.75,209050,205970,220960,235950,250940,271760,238820,198005,157190,116375,124000,128108.75,132217.5,136326.25,123911.25,116718.5,109525.75,102333,96164,104373,112280.75,120188.5,128096.25,124762.75,125899,127035.25,128171.5,116015,122474.4,128933.8,135393.2,158177.6,146833.2,157464.3,168095.4,178726.5,190746.5,171935.25,153124,161100.5,138380.5,124516.25,110652,70000,70000,97806.5,125613,153419.5,181226,196654.75,212083.5,227512.25,242941,260966.35,278991.7,297017.05,315042.4,315042.4,328456.8,341871.2,355285.6,368700,372968.25,377236.5,381504.75,385773,365717.95,345662.9,325607.85,305552.8,305552.8,321290.6,337028.4,352766.2,368504,306303,244102,181901,119700
TU117-300-A1,,,GTX1650,DT,U117,CH,Raw Forecast,JFF,,,,,,,,,,,,,,,,,,,,,,,,,,,,,50000,125028.75,200057.5,275086.25,325161.25,386407.5,447653.75,508900,488845,424920,360995,297070,289400,293300,280950,268600,256250,258500,278425,298350,318275,306385,280103,253821,227539,214572,219554,198034.75,176515.5,154996.25,155537.75,175349,195160.25,214971.5,188005,179126.4,170247.8,161369.2,172225.6,188869.2,191738.3,194607.4,197476.499,177121.499,169122.999,161124.5,156541.25,143212.25,131301.249,119390.249,104063.999,104063.999,108651.999,113239.999,117827.999,122415.999,143484.999,164554,185623,206692,211068.6,215445.2,219821.799,224198.399,224198.399,200448.799,176699.199,152949.599,129199.999,116915.999,104631.999,92347.999,80063.999,86527.199,92990.4,99453.6,105916.8,105916.8,113337.6,120758.4,128179.2,135600,131750,127900,124049.999,120199.999
TU117-300-A1,,,GTX1650,DT,U117,CH,Raw Forecast,SalesOpps,,,,,,,,,,,,,,,,,,,,,,,,,,,,,,,,,,,,,,,,,,,,,,,,,,,,,,,,,,,188670,194882,202878,186228,212017,219384,206596,271811,234403,269241,243550,210691,250758,217657,181870,182038,215023,189404,188655,165396,112851,109923,83284,127827,205022,258347,226859,213935,255737,258496,273612,302105,384733,397506,390749,357912,393147,400683,323134,374907,517682,496661,446553,398660,401397,435824,453611,461270,477547,499432,507785,523845,520700,524983,515885,547895
TU117-300-A1,,,GTX1650,DT,U117,CH,Raw Forecast,RollingDemand,,,,,,,,,,,,,,,,,,,,,,,,,,,,,170,365,280,525,4325,99725,135505,97127,131426,163926,274886,262086,212388,143816,124436,69720,86860,112020,115815,88115,69750,73175,81636,73203,66827,117451,103319,157369,130824,96369,84955,92900,118998,122255,153905,182356,178756,227991,207358,225828,186853,165868,200509,182430,157427,158839,191891,168788,165539,139524,92338,93410,52617,91217,150545,184825,160057,139928,196424,207901,231451,279605,350714,373814,371057,329951,374528,379969,300420,363240,508865,487082,435641,385970,386207,416824,395440,407099,427641,455691,506434,521816,519238,523855,514703,547223
TU117-300-A1,,,GTX1650,DT,U117,CH,Raw Forecast,ChannelInv,,,,,,,,,,41,41,41,41,41,41,41,460,460,460,460,460,460,460,460,460,460,460,1235,1903,2077,2384,2718,2766,2787,2807,13664,43285,90335,171729,257085,414066,577302,767902,976619,1275414,1559538,1854432,2151911,2440307,2763014,3059537,3360223,3625648,3918224,4201282,4460706,4726499,4968036,5192135,5423179,5651515,5863669,6092407,6327578,6555870,6750578,6985335,7205537,7445163,7671113,7901486,8151390,8414077,8676692,8934183,9158967,9354774,9526522,9763460,10047111,10278819,10477984,10685846,10906682,11122506,11275934,11424966,11532664,11658240,11791982,11995820,12218608,12427237,12639887,12865107,13144684,13403493,13664440,13905898,14164730,14456667,14714910,14984946,15227986,15521575,15795679,16055336,16312309,16552087,16806827,17064993,17328322,17556199,17556225
